representative	member
A0A5P8PKL5	A0A5P8PKL5
A0A5P8PKL5	A0A2I6UG18
A0A5P8PKL5	A0A6B9J3V6
A0A5P8PKL5	A0A5C1K8M1
A0A5P8PKL5	A0A5B9NK62
A0A5P8PKL5	A0A4Y5TR28
A0A5P8PKL5	A0A6B9M3M6
A0A5P8PKL5	A0A4Y5TR28
A0A5P8PKL5	A0A5C1K8M1
A0A5P8PKL5	A0A6B9J3V6
A0A5P8PKL5	A0A5B9NK62
A0A5P8PKL5	A0A2I6UG18
A0A5P8PKL5	A0A5P8PKL5
A0A5P8PKL5	A0A6B9M3M6
A0A5P8PKL5	A0A4Y5TR28
A0A5P8PKL5	A0A5C1K8M1
A0A5P8PKL5	A0A5B9NK62
A0A5P8PKL5	A0A6B9M3M6
A0A5P8PKL5	A0A2I6UG18
A0A5P8PKL5	A0A5P8PKL5
A0A5P8PKL5	A0A6B9J3V6
A0A5P8PKL5	A0A6B9M3M6
A0A5P8PKL5	A0A4Y5TR28
A0A5P8PKL5	A0A2I6UG18
A0A5P8PKL5	A0A5P8PKL5
A0A5P8PKL5	A0A6B9J3V6
A0A5P8PKL5	A0A5B9NK62
A0A5P8PKL5	A0A5C1K8M1
A0A5P8PKL5	A0A4Y5TR28
A0A5P8PKL5	A0A5C1K8M1
A0A5P8PKL5	A0A6B9J3V6
A0A5P8PKL5	A0A5B9NK62
A0A5P8PKL5	A0A2I6UG18
A0A5P8PKL5	A0A6B9M3M6
A0A5P8PKL5	A0A5P8PKL5
A0A5P8PKL5	A0A4Y5TR28
A0A5P8PKL5	A0A5C1K8M1
A0A5P8PKL5	A0A5B9NK62
A0A5P8PKL5	A0A6B9J3V6
A0A5P8PKL5	A0A2I6UG18
A0A5P8PKL5	A0A5P8PKL5
A0A5P8PKL5	A0A6B9M3M6
A0A5P8PKL5	A0A5B9NK62
A0A5P8PKL5	A0A4Y5TR28
A0A5P8PKL5	A0A2I6UG18
A0A5P8PKL5	A0A5P8PKL5
A0A5P8PKL5	A0A6B9J3V6
A0A5P8PKL5	A0A5C1K8M1
A0A5P8PKL5	A0A6B9M3M6
A0A5P8PKL5	A0A5C1K8M1
A0A5P8PKL5	A0A6B9J3V6
A0A5P8PKL5	A0A5B9NK62
A0A5P8PKL5	A0A4Y5TR28
A0A5P8PKL5	A0A2I6UG18
A0A5P8PKL5	A0A6B9M3M6
A0A5P8PKL5	A0A5P8PKL5
A0A5P8PKL5	A0A6B9J3V6
A0A5P8PKL5	A0A5C1K8M1
A0A5P8PKL5	A0A5B9NK62
A0A5P8PKL5	A0A4Y5TR28
A0A5P8PKL5	A0A2I6UG18
A0A5P8PKL5	A0A6B9M3M6
A0A5P8PKL5	A0A5P8PKL5
A0A5P8PKL5	A0A5C1K8M1
A0A5P8PKL5	A0A6B9J3V6
A0A5P8PKL5	A0A5B9NK62
A0A5P8PKL5	A0A4Y5TR28
A0A5P8PKL5	A0A2I6UG18
A0A5P8PKL5	A0A6B9M3M6
A0A5P8PKL5	A0A5P8PKL5
A0A5P8PKL5	A0A4Y5TR28
A0A5P8PKL5	A0A5C1K8M1
A0A5P8PKL5	A0A6B9J3V6
A0A5P8PKL5	A0A5B9NK62
A0A5P8PKL5	A0A2I6UG18
A0A5P8PKL5	A0A6B9M3M6
A0A5P8PKL5	A0A5P8PKL5
A0A5P8PKL5	A0A5B9NK62
A0A5P8PKL5	A0A4Y5TR28
A0A5P8PKL5	A0A2I6UG18
A0A5P8PKL5	A0A5P8PKL5
A0A5P8PKL5	A0A5C1K8M1
A0A5P8PKL5	A0A6B9J3V6
A0A5P8PKL5	A0A6B9M3M6
A0A5P8PKL5	A0A4Y5TR28
A0A5P8PKL5	A0A5C1K8M1
A0A5P8PKL5	A0A6B9J3V6
A0A5P8PKL5	A0A5B9NK62
A0A5P8PKL5	A0A2I6UG18
A0A5P8PKL5	A0A6B9M3M6
A0A5P8PKL5	A0A5P8PKL5
A0A5P8PKL5	A0A4Y5TR28
A0A5P8PKL5	A0A5C1K8M1
A0A5P8PKL5	A0A5B9NK62
A0A5P8PKL5	A0A2I6UG18
A0A5P8PKL5	A0A6B9M3M6
A0A5P8PKL5	A0A5P8PKL5
A0A5P8PKL5	A0A6B9J3V6
A0A5P8PKL5	A0A5P8PKL5
A0A5P8PKL5	A0A2I6UG18
A0A5P8PKL5	A0A5C1K8M1
A0A5P8PKL5	A0A6B9J3V6
A0A5P8PKL5	A0A4Y5TR28
A0A5P8PKL5	A0A5B9NK62
A0A5P8PKL5	A0A6B9M3M6
A0A5P8PKL5	A0A6B9J3V6
A0A5P8PKL5	A0A4Y5TR28
A0A5P8PKL5	A0A5B9NK62
A0A5P8PKL5	A0A2I6UG18
A0A5P8PKL5	A0A5C1K8M1
A0A5P8PKL5	A0A6B9M3M6
A0A5P8PKL5	A0A5P8PKL5
A0A5P8PKL5	A0A5P8PKL5
A0A5P8PKL5	A0A4Y5TR28
A0A5P8PKL5	A0A5C1K8M1
A0A5P8PKL5	A0A6B9J3V6
A0A5P8PKL5	A0A5B9NK62
A0A5P8PKL5	A0A2I6UG18
A0A5P8PKL5	A0A6B9M3M6
A0A5P8PKL5	A0A5C1K8M1
A0A5P8PKL5	A0A6B9J3V6
A0A5P8PKL5	A0A5B9NK62
A0A5P8PKL5	A0A4Y5TR28
A0A5P8PKL5	A0A2I6UG18
A0A5P8PKL5	A0A6B9M3M6
A0A5P8PKL5	A0A5P8PKL5
A0A5P8PKL5	A0A6B9J3V6
A0A5P8PKL5	A0A4Y5TR28
A0A5P8PKL5	A0A5C1K8M1
A0A5P8PKL5	A0A5B9NK62
A0A5P8PKL5	A0A2I6UG18
A0A5P8PKL5	A0A5P8PKL5
A0A5P8PKL5	A0A6B9M3M6
A0A5P8PKL5	A0A5C1K8M1
A0A5P8PKL5	A0A6B9J3V6
A0A5P8PKL5	A0A5B9NK62
A0A5P8PKL5	A0A4Y5TR28
A0A5P8PKL5	A0A2I6UG18
A0A5P8PKL5	A0A5P8PKL5
A0A5P8PKL5	A0A6B9M3M6
A0A5P8PKL5	A0A6B9M3M6
A0A5P8PKL5	A0A2I6UG18
A0A5P8PKL5	A0A5P8PKL5
A0A5P8PKL5	A0A6B9J3V6
A0A5P8PKL5	A0A5B9NK62
A0A5P8PKL5	A0A4Y5TR28
A0A5P8PKL5	A0A5C1K8M1
A0A5P8PKL5	A0A5C1K8M1
A0A5P8PKL5	A0A6B9J3V6
A0A5P8PKL5	A0A5B9NK62
A0A5P8PKL5	A0A4Y5TR28
A0A5P8PKL5	A0A2I6UG18
A0A5P8PKL5	A0A6B9M3M6
A0A5P8PKL5	A0A5P8PKL5
A0A5P8PKL5	A0A2I6UG18
A0A5P8PKL5	A0A4Y5TR28
A0A5P8PKL5	A0A6B9J3V6
A0A5P8PKL5	A0A5B9NK62
A0A5P8PKL5	A0A6B9M3M6
A0A5P8PKL5	A0A5P8PKL5
A0A5P8PKL5	A0A5C1K8M1
A0A5P8PKL5	A0A4Y5TR28
A0A5P8PKL5	A0A6B9J3V6
A0A5P8PKL5	A0A5B9NK62
A0A5P8PKL5	A0A2I6UG18
A0A5P8PKL5	A0A5C1K8M1
A0A5P8PKL5	A0A6B9M3M6
A0A5P8PKL5	A0A5P8PKL5
A0A5P8PKL5	A0A5C1K8M1
A0A5P8PKL5	A0A4Y5TR28
A0A5P8PKL5	A0A6B9J3V6
A0A5P8PKL5	A0A5B9NK62
A0A5P8PKL5	A0A2I6UG18
A0A5P8PKL5	A0A5P8PKL5
A0A5P8PKL5	A0A6B9M3M6
A0A5P8PKL5	A0A5B9NK62
A0A5P8PKL5	A0A4Y5TR28
A0A5P8PKL5	A0A2I6UG18
A0A5P8PKL5	A0A5P8PKL5
A0A5P8PKL5	A0A5C1K8M1
A0A5P8PKL5	A0A6B9J3V6
A0A5P8PKL5	A0A6B9M3M6
A0A5P8PKL5	A0A4Y5TR28
A0A5P8PKL5	A0A5C1K8M1
A0A5P8PKL5	A0A6B9J3V6
A0A5P8PKL5	A0A5B9NK62
A0A5P8PKL5	A0A2I6UG18
A0A5P8PKL5	A0A6B9M3M6
A0A5P8PKL5	A0A5P8PKL5
A0A5P8PKL5	A0A5P8PKL5
A0A5P8PKL5	A0A2I6UG18
A0A5P8PKL5	A0A5C1K8M1
A0A5P8PKL5	A0A6B9J3V6
A0A5P8PKL5	A0A4Y5TR28
A0A5P8PKL5	A0A5B9NK62
A0A5P8PKL5	A0A6B9M3M6
A0A5P8PKL5	A0A6B9J3V6
A0A5P8PKL5	A0A4Y5TR28
A0A5P8PKL5	A0A5C1K8M1
A0A5P8PKL5	A0A5B9NK62
A0A5P8PKL5	A0A2I6UG18
A0A5P8PKL5	A0A5P8PKL5
A0A5P8PKL5	A0A6B9M3M6
A0A5P8PKL5	A0A5C1K8M1
A0A5P8PKL5	A0A6B9J3V6
A0A5P8PKL5	A0A5B9NK62
A0A5P8PKL5	A0A4Y5TR28
A0A5P8PKL5	A0A2I6UG18
A0A5P8PKL5	A0A5P8PKL5
A0A5P8PKL5	A0A6B9M3M6
A0A5P8PKL5	A0A5C1K8M1
A0A5P8PKL5	A0A6B9J3V6
A0A5P8PKL5	A0A5B9NK62
A0A5P8PKL5	A0A4Y5TR28
A0A5P8PKL5	A0A2I6UG18
A0A5P8PKL5	A0A6B9M3M6
A0A5P8PKL5	A0A5P8PKL5
A0A0B6VPG3	A0A0B6VPG3
A0A0B6VPG3	A0A0B6VPG3
A0A0B6VPG3	A0A0B6VPG3
A0A0B6VPG3	A0A0B6VPG3
A0A0B6VPG3	A0A0B6VPG3
A0A0B6VPG3	A0A0B6VPG3
A0A0B6VPG3	A0A0B6VPG3
A0A0B6VPG3	A0A0B6VPG3
A0A0B6VPG3	A0A0B6VPG3
A0A0B6VPG3	A0A0B6VPG3
A0A0B6VPG3	A0A0B6VPG3
A0A0B6VPG3	A0A0B6VPG3
A0A0B6VPG3	A0A0B6VPG3
A0A0B6VPG3	A0A0B6VPG3
A0A0B6VPG3	A0A0B6VPG3
A0A0B6VPG3	A0A0B6VPG3
A0A0B6VPG3	A0A0B6VPG3
A0A0B6VPG3	A0A0B6VPG3
A0A0B6VPG3	A0A0B6VPG3
A0A0B6VPG3	A0A0B6VPG3
A0A0B6VPG3	A0A0B6VPG3
A0A0B6VPG3	A0A0B6VPG3
A0A0B6VPG3	A0A0B6VPG3
A0A0B6VPG3	A0A0B6VPG3
A0A0B6VPG3	A0A0B6VPG3
A0A0B6VPG3	A0A0B6VPG3
A0A0B6VPG3	A0A0B6VPG3
A0A0B6VPG3	A0A0B6VPG3
A0A0B6VPG3	A0A0B6VPG3
A0A0B6VPG3	A0A0B6VPG3
A0A0B6VPG3	A0A0B6VPG3
A0A0B6VPG3	A0A8X8MAG0
A0A0B6VPG3	A0A8F3C7U5
A0A0B6VPG3	A0A3P4A956
A0A0B6VPG3	A0A218MAE0
A0A0B6VPG3	Q7Y4V8
A0A0B6VPG3	A0A386K3U6
A0A0B6VPG3	A0A482GI51
A0A0B6VPG3	A0A5B9N2G0
A0A0B6VPG3	A0A4D6DXE6
A0A0B6VPG3	A0A6B9XBU0
A0A0B6VPG3	A0A482IF41
A0A0B6VPG3	A0A482GBH3
A0A0B6VPG3	A0A6B9X1N9
A0A0B6VPG3	A0A482GAR6
A0A0B6VPG3	A0A067ZK08
A0A0B6VPG3	A0A482MYK5
A0A0B6VPG3	A0A482MXF7
A0A0B6VPG3	A0A3G2KCE4
A0A0B6VPG3	A0A0F6TJX5
A0A0B6VPG3	A0A384SLU3
A0A0B6VPG3	A0A482MZS6
A0A0B6VPG3	A0A6B9WSF4
A0A0B6VPG3	A0A2U8QQE6
A0A0B6VPG3	A0A9E7NXL7
A0A0B6VPG3	A0A482MU12
A0A0B6VPG3	A0A650FBF2
A0A0B6VPG3	A0A514U5S8
A0A0B6VPG3	A0A6G6XHP2
A0A0B6VPG3	A0A7L7SRQ0
A0A0B6VPG3	A0A1W6JU10
A0A0B6VPG3	A0A3G3MC85
A0A0B6VPG3	A0A3G2KB96
A0A0B6VPG3	A0A2Z4QC56
A0A0B6VPG3	A0A899IN16
A0A0B6VPG3	A0A2S1GQU6
A0A0B6VPG3	A0A7G8AL07
A0A0B6VPG3	A0A088FRC8
A0A0B6VPG3	A0A514U5S8
A0A0B6VPG3	A0A7L7SRQ0
A0A0B6VPG3	A0A2S1GQU6
A0A0B6VPG3	A0A386K3U6
A0A0B6VPG3	A0A8X8MAG0
A0A0B6VPG3	A0A8F3C7U5
A0A0B6VPG3	A0A218MAE0
A0A0B6VPG3	A0A4D6DXE6
A0A0B6VPG3	A0A6B9XBU0
A0A0B6VPG3	A0A482IF41
A0A0B6VPG3	A0A482GI51
A0A0B6VPG3	A0A067ZK08
A0A0B6VPG3	Q7Y4V8
A0A0B6VPG3	A0A3P4A956
A0A0B6VPG3	A0A5B9N2G0
A0A0B6VPG3	A0A3G2KCE4
A0A0B6VPG3	A0A482GBH3
A0A0B6VPG3	A0A6B9X1N9
A0A0B6VPG3	A0A0F6TJX5
A0A0B6VPG3	A0A384SLU3
A0A0B6VPG3	A0A482MZS6
A0A0B6VPG3	A0A650FBF2
A0A0B6VPG3	A0A482MYK5
A0A0B6VPG3	A0A482MXF7
A0A0B6VPG3	A0A1W6JU10
A0A0B6VPG3	A0A6B9WSF4
A0A0B6VPG3	A0A482GAR6
A0A0B6VPG3	A0A2Z4QC56
A0A0B6VPG3	A0A2U8QQE6
A0A0B6VPG3	A0A088FRC8
A0A0B6VPG3	A0A9E7NXL7
A0A0B6VPG3	A0A482MU12
A0A0B6VPG3	A0A6G6XHP2
A0A0B6VPG3	A0A7G8AL07
A0A0B6VPG3	A0A3G3MC85
A0A0B6VPG3	A0A3G2KB96
A0A0B6VPG3	A0A899IN16
A0A0B6VPG3	A0A8X8MAG0
A0A0B6VPG3	A0A384SLU3
A0A0B6VPG3	A0A6B9XBU0
A0A0B6VPG3	A0A088FRC8
A0A0B6VPG3	A0A1W6JU10
A0A0B6VPG3	A0A386K3U6
A0A0B6VPG3	A0A8F3C7U5
A0A0B6VPG3	A0A3G2KCE4
A0A0B6VPG3	A0A482IF41
A0A0B6VPG3	A0A6B9X1N9
A0A0B6VPG3	A0A650FBF2
A0A0B6VPG3	A0A2Z4QC56
A0A0B6VPG3	A0A3G2KB96
A0A0B6VPG3	A0A0F6TJX5
A0A0B6VPG3	A0A4D6DXE6
A0A0B6VPG3	A0A218MAE0
A0A0B6VPG3	A0A482MYK5
A0A0B6VPG3	A0A067ZK08
A0A0B6VPG3	A0A482MXF7
A0A0B6VPG3	A0A482MZS6
A0A0B6VPG3	A0A6B9WSF4
A0A0B6VPG3	A0A482GBH3
A0A0B6VPG3	A0A6G6XHP2
A0A0B6VPG3	A0A7G8AL07
A0A0B6VPG3	A0A482GI51
A0A0B6VPG3	A0A3G3MC85
A0A0B6VPG3	Q7Y4V8
A0A0B6VPG3	A0A2U8QQE6
A0A0B6VPG3	A0A5B9N2G0
A0A0B6VPG3	A0A3P4A956
A0A0B6VPG3	A0A482GAR6
A0A0B6VPG3	A0A514U5S8
A0A0B6VPG3	A0A7L7SRQ0
A0A0B6VPG3	A0A2S1GQU6
A0A0B6VPG3	A0A9E7NXL7
A0A0B6VPG3	A0A482MU12
A0A0B6VPG3	A0A899IN16
A0A0B6VPG3	A0A8X8MAG0
A0A0B6VPG3	A0A7L7SRQ0
A0A0B6VPG3	A0A067ZK08
A0A0B6VPG3	A0A514U5S8
A0A0B6VPG3	A0A2S1GQU6
A0A0B6VPG3	A0A3G2KCE4
A0A0B6VPG3	A0A0F6TJX5
A0A0B6VPG3	A0A384SLU3
A0A0B6VPG3	A0A4D6DXE6
A0A0B6VPG3	A0A6B9XBU0
A0A0B6VPG3	A0A482MZS6
A0A0B6VPG3	A0A218MAE0
A0A0B6VPG3	Q7Y4V8
A0A0B6VPG3	A0A386K3U6
A0A0B6VPG3	A0A8F3C7U5
A0A0B6VPG3	A0A482IF41
A0A0B6VPG3	A0A1W6JU10
A0A0B6VPG3	A0A482GAR6
A0A0B6VPG3	A0A482GBH3
A0A0B6VPG3	A0A6B9X1N9
A0A0B6VPG3	A0A6B9WSF4
A0A0B6VPG3	A0A3G2KB96
A0A0B6VPG3	A0A2U8QQE6
A0A0B6VPG3	A0A482MYK5
A0A0B6VPG3	A0A482MXF7
A0A0B6VPG3	A0A482GI51
A0A0B6VPG3	A0A3G3MC85
A0A0B6VPG3	A0A482MU12
A0A0B6VPG3	A0A2Z4QC56
A0A0B6VPG3	A0A5B9N2G0
A0A0B6VPG3	A0A650FBF2
A0A0B6VPG3	A0A3P4A956
A0A0B6VPG3	A0A6G6XHP2
A0A0B6VPG3	A0A9E7NXL7
A0A0B6VPG3	A0A899IN16
A0A0B6VPG3	A0A088FRC8
A0A0B6VPG3	A0A7G8AL07
A0A0B6VPG3	A0A6G6XHP2
A0A0B6VPG3	A0A2Z4QC56
A0A0B6VPG3	A0A7G8AL07
A0A0B6VPG3	A0A3G2KB96
A0A0B6VPG3	A0A1W6JU10
A0A0B6VPG3	A0A3G3MC85
A0A0B6VPG3	A0A088FRC8
A0A0B6VPG3	A0A899IN16
A0A0B6VPG3	A0A8X8MAG0
A0A0B6VPG3	A0A6B9X1N9
A0A0B6VPG3	A0A8F3C7U5
A0A0B6VPG3	A0A482MYK5
A0A0B6VPG3	A0A482GBH3
A0A0B6VPG3	A0A0F6TJX5
A0A0B6VPG3	A0A482IF41
A0A0B6VPG3	A0A482MXF7
A0A0B6VPG3	A0A3G2KCE4
A0A0B6VPG3	A0A482GI51
A0A0B6VPG3	A0A067ZK08
A0A0B6VPG3	A0A5B9N2G0
A0A0B6VPG3	A0A6B9XBU0
A0A0B6VPG3	Q7Y4V8
A0A0B6VPG3	A0A3P4A956
A0A0B6VPG3	A0A482MZS6
A0A0B6VPG3	A0A218MAE0
A0A0B6VPG3	A0A384SLU3
A0A0B6VPG3	A0A4D6DXE6
A0A0B6VPG3	A0A482GAR6
A0A0B6VPG3	A0A2U8QQE6
A0A0B6VPG3	A0A6B9WSF4
A0A0B6VPG3	A0A482MU12
A0A0B6VPG3	A0A386K3U6
A0A0B6VPG3	A0A9E7NXL7
A0A0B6VPG3	A0A650FBF2
A0A0B6VPG3	A0A7L7SRQ0
A0A0B6VPG3	A0A514U5S8
A0A0B6VPG3	A0A2S1GQU6
A0A0B6VPG3	A0A8F3C7U5
A0A0B6VPG3	A0A8X8MAG0
A0A0B6VPG3	A0A386K3U6
A0A0B6VPG3	A0A514U5S8
A0A0B6VPG3	A0A7L7SRQ0
A0A0B6VPG3	A0A482IF41
A0A0B6VPG3	A0A2S1GQU6
A0A0B6VPG3	A0A067ZK08
A0A0B6VPG3	A0A3G2KCE4
A0A0B6VPG3	A0A384SLU3
A0A0B6VPG3	A0A482GBH3
A0A0B6VPG3	A0A6B9X1N9
A0A0B6VPG3	A0A0F6TJX5
A0A0B6VPG3	A0A7G8AL07
A0A0B6VPG3	A0A482MYK5
A0A0B6VPG3	A0A482MXF7
A0A0B6VPG3	A0A482MZS6
A0A0B6VPG3	A0A218MAE0
A0A0B6VPG3	A0A4D6DXE6
A0A0B6VPG3	A0A6B9XBU0
A0A0B6VPG3	A0A1W6JU10
A0A0B6VPG3	Q7Y4V8
A0A0B6VPG3	A0A6B9WSF4
A0A0B6VPG3	A0A6G6XHP2
A0A0B6VPG3	A0A2U8QQE6
A0A0B6VPG3	A0A482GAR6
A0A0B6VPG3	A0A482GI51
A0A0B6VPG3	A0A2Z4QC56
A0A0B6VPG3	A0A5B9N2G0
A0A0B6VPG3	A0A3P4A956
A0A0B6VPG3	A0A650FBF2
A0A0B6VPG3	A0A482MU12
A0A0B6VPG3	A0A3G3MC85
A0A0B6VPG3	A0A3G2KB96
A0A0B6VPG3	A0A899IN16
A0A0B6VPG3	A0A9E7NXL7
A0A0B6VPG3	A0A088FRC8
A0A0B6VPG3	A0A8F3C7U5
A0A0B6VPG3	A0A218MAE0
A0A0B6VPG3	A0A482GI51
A0A0B6VPG3	A0A3P4A956
A0A0B6VPG3	A0A5B9N2G0
A0A0B6VPG3	A0A482IF41
A0A0B6VPG3	A0A482GBH3
A0A0B6VPG3	A0A6B9X1N9
A0A0B6VPG3	A0A482GAR6
A0A0B6VPG3	A0A4D6DXE6
A0A0B6VPG3	A0A6B9XBU0
A0A0B6VPG3	A0A482MYK5
A0A0B6VPG3	A0A482MXF7
A0A0B6VPG3	A0A067ZK08
A0A0B6VPG3	A0A386K3U6
A0A0B6VPG3	Q7Y4V8
A0A0B6VPG3	A0A3G2KCE4
A0A0B6VPG3	A0A0F6TJX5
A0A0B6VPG3	A0A6B9WSF4
A0A0B6VPG3	A0A482MZS6
A0A0B6VPG3	A0A384SLU3
A0A0B6VPG3	A0A9E7NXL7
A0A0B6VPG3	A0A514U5S8
A0A0B6VPG3	A0A6G6XHP2
A0A0B6VPG3	A0A7L7SRQ0
A0A0B6VPG3	A0A2U8QQE6
A0A0B6VPG3	A0A2Z4QC56
A0A0B6VPG3	A0A482MU12
A0A0B6VPG3	A0A650FBF2
A0A0B6VPG3	A0A2S1GQU6
A0A0B6VPG3	A0A1W6JU10
A0A0B6VPG3	A0A3G2KB96
A0A0B6VPG3	A0A3G3MC85
A0A0B6VPG3	A0A7G8AL07
A0A0B6VPG3	A0A899IN16
A0A0B6VPG3	A0A8X8MAG0
A0A0B6VPG3	A0A088FRC8
A0A0B6VPG3	A0A218MAE0
A0A0B6VPG3	A0A4D6DXE6
A0A0B6VPG3	A0A6B9XBU0
A0A0B6VPG3	A0A482GI51
A0A0B6VPG3	A0A482GAR6
A0A0B6VPG3	A0A3P4A956
A0A0B6VPG3	A0A067ZK08
A0A0B6VPG3	A0A482IF41
A0A0B6VPG3	A0A482GBH3
A0A0B6VPG3	A0A6B9X1N9
A0A0B6VPG3	A0A5B9N2G0
A0A0B6VPG3	A0A8F3C7U5
A0A0B6VPG3	A0A3G2KCE4
A0A0B6VPG3	A0A6G6XHP2
A0A0B6VPG3	A0A7G8AL07
A0A0B6VPG3	A0A8X8MAG0
A0A0B6VPG3	A0A482MYK5
A0A0B6VPG3	A0A384SLU3
A0A0B6VPG3	A0A482MZS6
A0A0B6VPG3	A0A482MXF7
A0A0B6VPG3	A0A386K3U6
A0A0B6VPG3	A0A0F6TJX5
A0A0B6VPG3	A0A6B9WSF4
A0A0B6VPG3	Q7Y4V8
A0A0B6VPG3	A0A2Z4QC56
A0A0B6VPG3	A0A2U8QQE6
A0A0B6VPG3	A0A1W6JU10
A0A0B6VPG3	A0A482MU12
A0A0B6VPG3	A0A3G3MC85
A0A0B6VPG3	A0A3G2KB96
A0A0B6VPG3	A0A650FBF2
A0A0B6VPG3	A0A899IN16
A0A0B6VPG3	A0A9E7NXL7
A0A0B6VPG3	A0A088FRC8
A0A0B6VPG3	A0A514U5S8
A0A0B6VPG3	A0A7L7SRQ0
A0A0B6VPG3	A0A2S1GQU6
A0A0B6VPG3	A0A6G6XHP2
A0A0B6VPG3	A0A7G8AL07
A0A0B6VPG3	A0A8X8MAG0
A0A0B6VPG3	A0A2Z4QC56
A0A0B6VPG3	Q7Y4V8
A0A0B6VPG3	A0A3P4A956
A0A0B6VPG3	A0A4D6DXE6
A0A0B6VPG3	A0A8F3C7U5
A0A0B6VPG3	A0A3G3MC85
A0A0B6VPG3	A0A7L7SRQ0
A0A0B6VPG3	A0A3G2KB96
A0A0B6VPG3	A0A2U8QQE6
A0A0B6VPG3	A0A6B9XBU0
A0A0B6VPG3	A0A067ZK08
A0A0B6VPG3	A0A0F6TJX5
A0A0B6VPG3	A0A218MAE0
A0A0B6VPG3	A0A514U5S8
A0A0B6VPG3	A0A1W6JU10
A0A0B6VPG3	A0A482GI51
A0A0B6VPG3	A0A482IF41
A0A0B6VPG3	A0A482MU12
A0A0B6VPG3	A0A386K3U6
A0A0B6VPG3	A0A3G2KCE4
A0A0B6VPG3	A0A384SLU3
A0A0B6VPG3	A0A482MZS6
A0A0B6VPG3	A0A482GBH3
A0A0B6VPG3	A0A2S1GQU6
A0A0B6VPG3	A0A6B9X1N9
A0A0B6VPG3	A0A5B9N2G0
A0A0B6VPG3	A0A482MYK5
A0A0B6VPG3	A0A482MXF7
A0A0B6VPG3	A0A6B9WSF4
A0A0B6VPG3	A0A482GAR6
A0A0B6VPG3	A0A650FBF2
A0A0B6VPG3	A0A088FRC8
A0A0B6VPG3	A0A899IN16
A0A0B6VPG3	A0A9E7NXL7
A0A0B6VPG3	A0A7G8AL07
A0A0B6VPG3	A0A514U5S8
A0A0B6VPG3	A0A7L7SRQ0
A0A0B6VPG3	A0A2S1GQU6
A0A0B6VPG3	A0A6G6XHP2
A0A0B6VPG3	A0A8X8MAG0
A0A0B6VPG3	A0A2Z4QC56
A0A0B6VPG3	A0A1W6JU10
A0A0B6VPG3	A0A4D6DXE6
A0A0B6VPG3	A0A6B9XBU0
A0A0B6VPG3	A0A8F3C7U5
A0A0B6VPG3	A0A067ZK08
A0A0B6VPG3	A0A218MAE0
A0A0B6VPG3	A0A3G2KCE4
A0A0B6VPG3	A0A482MZS6
A0A0B6VPG3	A0A6B9WSF4
A0A0B6VPG3	A0A0F6TJX5
A0A0B6VPG3	A0A384SLU3
A0A0B6VPG3	A0A3G3MC85
A0A0B6VPG3	A0A3G2KB96
A0A0B6VPG3	Q7Y4V8
A0A0B6VPG3	A0A386K3U6
A0A0B6VPG3	A0A482IF41
A0A0B6VPG3	A0A482GI51
A0A0B6VPG3	A0A482GAR6
A0A0B6VPG3	A0A5B9N2G0
A0A0B6VPG3	A0A3P4A956
A0A0B6VPG3	A0A482GBH3
A0A0B6VPG3	A0A2U8QQE6
A0A0B6VPG3	A0A6B9X1N9
A0A0B6VPG3	A0A482MYK5
A0A0B6VPG3	A0A482MXF7
A0A0B6VPG3	A0A899IN16
A0A0B6VPG3	A0A088FRC8
A0A0B6VPG3	A0A650FBF2
A0A0B6VPG3	A0A482MU12
A0A0B6VPG3	A0A9E7NXL7
A0A0B6VPG3	A0A8F3C7U5
A0A0B6VPG3	A0A067ZK08
A0A0B6VPG3	A0A0F6TJX5
A0A0B6VPG3	A0A3G2KCE4
A0A0B6VPG3	A0A384SLU3
A0A0B6VPG3	A0A482MZS6
A0A0B6VPG3	A0A4D6DXE6
A0A0B6VPG3	A0A218MAE0
A0A0B6VPG3	A0A6B9XBU0
A0A0B6VPG3	A0A482IF41
A0A0B6VPG3	A0A6B9WSF4
A0A0B6VPG3	A0A650FBF2
A0A0B6VPG3	Q7Y4V8
A0A0B6VPG3	A0A482GBH3
A0A0B6VPG3	A0A2U8QQE6
A0A0B6VPG3	A0A6B9X1N9
A0A0B6VPG3	A0A7L7SRQ0
A0A0B6VPG3	A0A9E7NXL7
A0A0B6VPG3	A0A482MYK5
A0A0B6VPG3	A0A514U5S8
A0A0B6VPG3	A0A482MXF7
A0A0B6VPG3	A0A482MU12
A0A0B6VPG3	A0A386K3U6
A0A0B6VPG3	A0A482GI51
A0A0B6VPG3	A0A482GAR6
A0A0B6VPG3	A0A2S1GQU6
A0A0B6VPG3	A0A5B9N2G0
A0A0B6VPG3	A0A3P4A956
A0A0B6VPG3	A0A6G6XHP2
A0A0B6VPG3	A0A1W6JU10
A0A0B6VPG3	A0A2Z4QC56
A0A0B6VPG3	A0A3G3MC85
A0A0B6VPG3	A0A3G2KB96
A0A0B6VPG3	A0A7G8AL07
A0A0B6VPG3	A0A899IN16
A0A0B6VPG3	A0A8X8MAG0
A0A0B6VPG3	A0A088FRC8
A0A0B6VPG3	A0A8F3C7U5
A0A0B6VPG3	A0A218MAE0
A0A0B6VPG3	A0A482GI51
A0A0B6VPG3	A0A3P4A956
A0A0B6VPG3	A0A5B9N2G0
A0A0B6VPG3	A0A482IF41
A0A0B6VPG3	A0A482GBH3
A0A0B6VPG3	A0A6B9X1N9
A0A0B6VPG3	A0A482GAR6
A0A0B6VPG3	A0A4D6DXE6
A0A0B6VPG3	A0A6B9XBU0
A0A0B6VPG3	A0A482MYK5
A0A0B6VPG3	A0A482MXF7
A0A0B6VPG3	A0A067ZK08
A0A0B6VPG3	A0A386K3U6
A0A0B6VPG3	Q7Y4V8
A0A0B6VPG3	A0A3G2KCE4
A0A0B6VPG3	A0A0F6TJX5
A0A0B6VPG3	A0A6B9WSF4
A0A0B6VPG3	A0A514U5S8
A0A0B6VPG3	A0A7L7SRQ0
A0A0B6VPG3	A0A482MZS6
A0A0B6VPG3	A0A384SLU3
A0A0B6VPG3	A0A6G6XHP2
A0A0B6VPG3	A0A2U8QQE6
A0A0B6VPG3	A0A9E7NXL7
A0A0B6VPG3	A0A2S1GQU6
A0A0B6VPG3	A0A2Z4QC56
A0A0B6VPG3	A0A482MU12
A0A0B6VPG3	A0A650FBF2
A0A0B6VPG3	A0A1W6JU10
A0A0B6VPG3	A0A3G2KB96
A0A0B6VPG3	A0A3G3MC85
A0A0B6VPG3	A0A7G8AL07
A0A0B6VPG3	A0A899IN16
A0A0B6VPG3	A0A088FRC8
A0A0B6VPG3	A0A8X8MAG0
A0A0B6VPG3	A0A067ZK08
A0A0B6VPG3	A0A482MZS6
A0A0B6VPG3	A0A4D6DXE6
A0A0B6VPG3	A0A3G2KCE4
A0A0B6VPG3	A0A0F6TJX5
A0A0B6VPG3	A0A6B9XBU0
A0A0B6VPG3	A0A482MU12
A0A0B6VPG3	Q7Y4V8
A0A0B6VPG3	A0A2U8QQE6
A0A0B6VPG3	A0A218MAE0
A0A0B6VPG3	A0A6B9WSF4
A0A0B6VPG3	A0A8F3C7U5
A0A0B6VPG3	A0A482IF41
A0A0B6VPG3	A0A384SLU3
A0A0B6VPG3	A0A386K3U6
A0A0B6VPG3	A0A650FBF2
A0A0B6VPG3	A0A482GBH3
A0A0B6VPG3	A0A6B9X1N9
A0A0B6VPG3	A0A482GI51
A0A0B6VPG3	A0A482MYK5
A0A0B6VPG3	A0A5B9N2G0
A0A0B6VPG3	A0A3P4A956
A0A0B6VPG3	A0A482MXF7
A0A0B6VPG3	A0A9E7NXL7
A0A0B6VPG3	A0A482GAR6
A0A0B6VPG3	A0A3G3MC85
A0A0B6VPG3	A0A3G2KB96
A0A0B6VPG3	A0A1W6JU10
A0A0B6VPG3	A0A2Z4QC56
A0A0B6VPG3	A0A6G6XHP2
A0A0B6VPG3	A0A088FRC8
A0A0B6VPG3	A0A7G8AL07
A0A0B6VPG3	A0A899IN16
A0A0B6VPG3	A0A8X8MAG0
A0A0B6VPG3	A0A514U5S8
A0A0B6VPG3	A0A7L7SRQ0
A0A0B6VPG3	A0A2S1GQU6
A0A0B6VPG3	A0A8X8MAG0
A0A0B6VPG3	A0A384SLU3
A0A0B6VPG3	A0A7G8AL07
A0A0B6VPG3	A0A6B9XBU0
A0A0B6VPG3	A0A088FRC8
A0A0B6VPG3	A0A1W6JU10
A0A0B6VPG3	A0A386K3U6
A0A0B6VPG3	A0A8F3C7U5
A0A0B6VPG3	A0A3G2KCE4
A0A0B6VPG3	A0A482IF41
A0A0B6VPG3	A0A6B9X1N9
A0A0B6VPG3	A0A650FBF2
A0A0B6VPG3	A0A2Z4QC56
A0A0B6VPG3	A0A3G2KB96
A0A0B6VPG3	A0A0F6TJX5
A0A0B6VPG3	A0A4D6DXE6
A0A0B6VPG3	A0A218MAE0
A0A0B6VPG3	A0A482MYK5
A0A0B6VPG3	A0A067ZK08
A0A0B6VPG3	A0A482MXF7
A0A0B6VPG3	A0A482MZS6
A0A0B6VPG3	A0A6B9WSF4
A0A0B6VPG3	A0A482GBH3
A0A0B6VPG3	A0A6G6XHP2
A0A0B6VPG3	A0A482GI51
A0A0B6VPG3	A0A3G3MC85
A0A0B6VPG3	Q7Y4V8
A0A0B6VPG3	A0A2U8QQE6
A0A0B6VPG3	A0A5B9N2G0
A0A0B6VPG3	A0A3P4A956
A0A0B6VPG3	A0A482GAR6
A0A0B6VPG3	A0A514U5S8
A0A0B6VPG3	A0A7L7SRQ0
A0A0B6VPG3	A0A2S1GQU6
A0A0B6VPG3	A0A9E7NXL7
A0A0B6VPG3	A0A482MU12
A0A0B6VPG3	A0A899IN16
A0A0B6VPG3	A0A8F3C7U5
A0A0B6VPG3	A0A218MAE0
A0A0B6VPG3	Q7Y4V8
A0A0B6VPG3	A0A482GI51
A0A0B6VPG3	A0A386K3U6
A0A0B6VPG3	A0A3P4A956
A0A0B6VPG3	A0A4D6DXE6
A0A0B6VPG3	A0A6B9XBU0
A0A0B6VPG3	A0A482IF41
A0A0B6VPG3	A0A5B9N2G0
A0A0B6VPG3	A0A482GBH3
A0A0B6VPG3	A0A6B9X1N9
A0A0B6VPG3	A0A482GAR6
A0A0B6VPG3	A0A067ZK08
A0A0B6VPG3	A0A482MYK5
A0A0B6VPG3	A0A482MXF7
A0A0B6VPG3	A0A3G2KCE4
A0A0B6VPG3	A0A0F6TJX5
A0A0B6VPG3	A0A384SLU3
A0A0B6VPG3	A0A482MZS6
A0A0B6VPG3	A0A6B9WSF4
A0A0B6VPG3	A0A482MU12
A0A0B6VPG3	A0A2U8QQE6
A0A0B6VPG3	A0A9E7NXL7
A0A0B6VPG3	A0A650FBF2
A0A0B6VPG3	A0A514U5S8
A0A0B6VPG3	A0A7L7SRQ0
A0A0B6VPG3	A0A8X8MAG0
A0A0B6VPG3	A0A6G6XHP2
A0A0B6VPG3	A0A1W6JU10
A0A0B6VPG3	A0A3G3MC85
A0A0B6VPG3	A0A3G2KB96
A0A0B6VPG3	A0A2Z4QC56
A0A0B6VPG3	A0A2S1GQU6
A0A0B6VPG3	A0A899IN16
A0A0B6VPG3	A0A7G8AL07
A0A0B6VPG3	A0A088FRC8
A0A0B6VPG3	A0A7L7SRQ0
A0A0B6VPG3	A0A514U5S8
A0A0B6VPG3	A0A2S1GQU6
A0A0B6VPG3	A0A384SLU3
A0A0B6VPG3	A0A8F3C7U5
A0A0B6VPG3	A0A0F6TJX5
A0A0B6VPG3	A0A4D6DXE6
A0A0B6VPG3	A0A6B9XBU0
A0A0B6VPG3	A0A067ZK08
A0A0B6VPG3	A0A218MAE0
A0A0B6VPG3	A0A3G2KCE4
A0A0B6VPG3	A0A482IF41
A0A0B6VPG3	A0A482GBH3
A0A0B6VPG3	A0A7G8AL07
A0A0B6VPG3	A0A6B9X1N9
A0A0B6VPG3	A0A482GI51
A0A0B6VPG3	A0A482MZS6
A0A0B6VPG3	A0A6G6XHP2
A0A0B6VPG3	A0A482MYK5
A0A0B6VPG3	A0A482MXF7
A0A0B6VPG3	A0A5B9N2G0
A0A0B6VPG3	A0A1W6JU10
A0A0B6VPG3	A0A6B9WSF4
A0A0B6VPG3	A0A482GAR6
A0A0B6VPG3	A0A3P4A956
A0A0B6VPG3	A0A2Z4QC56
A0A0B6VPG3	Q7Y4V8
A0A0B6VPG3	A0A2U8QQE6
A0A0B6VPG3	A0A386K3U6
A0A0B6VPG3	A0A650FBF2
A0A0B6VPG3	A0A482MU12
A0A0B6VPG3	A0A9E7NXL7
A0A0B6VPG3	A0A3G3MC85
A0A0B6VPG3	A0A3G2KB96
A0A0B6VPG3	A0A088FRC8
A0A0B6VPG3	A0A899IN16
A0A0B6VPG3	A0A8X8MAG0
A0A0B6VPG3	A0A482IF41
A0A0B6VPG3	A0A6B9X1N9
A0A0B6VPG3	A0A8F3C7U5
A0A0B6VPG3	A0A482MYK5
A0A0B6VPG3	A0A482MXF7
A0A0B6VPG3	A0A482GBH3
A0A0B6VPG3	A0A3G2KCE4
A0A0B6VPG3	A0A384SLU3
A0A0B6VPG3	A0A482GAR6
A0A0B6VPG3	A0A0F6TJX5
A0A0B6VPG3	Q7Y4V8
A0A0B6VPG3	A0A482GI51
A0A0B6VPG3	A0A067ZK08
A0A0B6VPG3	A0A6B9XBU0
A0A0B6VPG3	A0A6B9WSF4
A0A0B6VPG3	A0A218MAE0
A0A0B6VPG3	A0A5B9N2G0
A0A0B6VPG3	A0A2U8QQE6
A0A0B6VPG3	A0A3P4A956
A0A0B6VPG3	A0A482MZS6
A0A0B6VPG3	A0A4D6DXE6
A0A0B6VPG3	A0A8X8MAG0
A0A0B6VPG3	A0A386K3U6
A0A0B6VPG3	A0A6G6XHP2
A0A0B6VPG3	A0A650FBF2
A0A0B6VPG3	A0A3G2KB96
A0A0B6VPG3	A0A2Z4QC56
A0A0B6VPG3	A0A1W6JU10
A0A0B6VPG3	A0A482MU12
A0A0B6VPG3	A0A3G3MC85
A0A0B6VPG3	A0A088FRC8
A0A0B6VPG3	A0A7G8AL07
A0A0B6VPG3	A0A9E7NXL7
A0A0B6VPG3	A0A899IN16
A0A0B6VPG3	A0A514U5S8
A0A0B6VPG3	A0A7L7SRQ0
A0A0B6VPG3	A0A2S1GQU6
A0A0B6VPG3	A0A8X8MAG0
A0A0B6VPG3	A0A3P4A956
A0A0B6VPG3	A0A514U5S8
A0A0B6VPG3	A0A7L7SRQ0
A0A0B6VPG3	A0A218MAE0
A0A0B6VPG3	A0A3G3MC85
A0A0B6VPG3	A0A3G2KB96
A0A0B6VPG3	A0A482IF41
A0A0B6VPG3	A0A2S1GQU6
A0A0B6VPG3	A0A482GI51
A0A0B6VPG3	A0A5B9N2G0
A0A0B6VPG3	A0A482GBH3
A0A0B6VPG3	Q7Y4V8
A0A0B6VPG3	A0A6B9X1N9
A0A0B6VPG3	A0A482MYK5
A0A0B6VPG3	A0A1W6JU10
A0A0B6VPG3	A0A7G8AL07
A0A0B6VPG3	A0A482MXF7
A0A0B6VPG3	A0A386K3U6
A0A0B6VPG3	A0A482GAR6
A0A0B6VPG3	A0A4D6DXE6
A0A0B6VPG3	A0A6B9XBU0
A0A0B6VPG3	A0A067ZK08
A0A0B6VPG3	A0A2Z4QC56
A0A0B6VPG3	A0A088FRC8
A0A0B6VPG3	A0A3G2KCE4
A0A0B6VPG3	A0A8F3C7U5
A0A0B6VPG3	A0A0F6TJX5
A0A0B6VPG3	A0A482MZS6
A0A0B6VPG3	A0A6B9WSF4
A0A0B6VPG3	A0A6G6XHP2
A0A0B6VPG3	A0A384SLU3
A0A0B6VPG3	A0A899IN16
A0A0B6VPG3	A0A2U8QQE6
A0A0B6VPG3	A0A482MU12
A0A0B6VPG3	A0A9E7NXL7
A0A0B6VPG3	A0A650FBF2
A0A0B6VPG3	A0A7L7SRQ0
A0A0B6VPG3	A0A514U5S8
A0A0B6VPG3	A0A2S1GQU6
A0A0B6VPG3	A0A384SLU3
A0A0B6VPG3	A0A8F3C7U5
A0A0B6VPG3	A0A0F6TJX5
A0A0B6VPG3	A0A4D6DXE6
A0A0B6VPG3	A0A6B9XBU0
A0A0B6VPG3	A0A067ZK08
A0A0B6VPG3	A0A218MAE0
A0A0B6VPG3	A0A3G2KCE4
A0A0B6VPG3	A0A482IF41
A0A0B6VPG3	A0A482GBH3
A0A0B6VPG3	A0A7G8AL07
A0A0B6VPG3	A0A6B9X1N9
A0A0B6VPG3	A0A482GI51
A0A0B6VPG3	A0A482MZS6
A0A0B6VPG3	A0A6G6XHP2
A0A0B6VPG3	A0A482MYK5
A0A0B6VPG3	A0A482MXF7
A0A0B6VPG3	A0A5B9N2G0
A0A0B6VPG3	A0A1W6JU10
A0A0B6VPG3	A0A6B9WSF4
A0A0B6VPG3	A0A482GAR6
A0A0B6VPG3	A0A3P4A956
A0A0B6VPG3	A0A2Z4QC56
A0A0B6VPG3	Q7Y4V8
A0A0B6VPG3	A0A2U8QQE6
A0A0B6VPG3	A0A386K3U6
A0A0B6VPG3	A0A650FBF2
A0A0B6VPG3	A0A482MU12
A0A0B6VPG3	A0A9E7NXL7
A0A0B6VPG3	A0A3G3MC85
A0A0B6VPG3	A0A3G2KB96
A0A0B6VPG3	A0A088FRC8
A0A0B6VPG3	A0A899IN16
A0A0B6VPG3	A0A8X8MAG0
A0A0B6VPG3	A0A3P4A956
A0A0B6VPG3	A0A218MAE0
A0A0B6VPG3	A0A482IF41
A0A0B6VPG3	A0A6B9X1N9
A0A0B6VPG3	A0A8X8MAG0
A0A0B6VPG3	A0A482MYK5
A0A0B6VPG3	A0A482MXF7
A0A0B6VPG3	A0A6B9XBU0
A0A0B6VPG3	A0A482GI51
A0A0B6VPG3	A0A8F3C7U5
A0A0B6VPG3	A0A5B9N2G0
A0A0B6VPG3	A0A482GBH3
A0A0B6VPG3	Q7Y4V8
A0A0B6VPG3	A0A386K3U6
A0A0B6VPG3	A0A3G2KCE4
A0A0B6VPG3	A0A4D6DXE6
A0A0B6VPG3	A0A650FBF2
A0A0B6VPG3	A0A7G8AL07
A0A0B6VPG3	A0A482GAR6
A0A0B6VPG3	A0A0F6TJX5
A0A0B6VPG3	A0A6B9WSF4
A0A0B6VPG3	A0A9E7NXL7
A0A0B6VPG3	A0A067ZK08
A0A0B6VPG3	A0A2Z4QC56
A0A0B6VPG3	A0A384SLU3
A0A0B6VPG3	A0A482MZS6
A0A0B6VPG3	A0A2U8QQE6
A0A0B6VPG3	A0A6G6XHP2
A0A0B6VPG3	A0A3G2KB96
A0A0B6VPG3	A0A1W6JU10
A0A0B6VPG3	A0A482MU12
A0A0B6VPG3	A0A088FRC8
A0A0B6VPG3	A0A3G3MC85
A0A0B6VPG3	A0A514U5S8
A0A0B6VPG3	A0A7L7SRQ0
A0A0B6VPG3	A0A2S1GQU6
A0A0B6VPG3	A0A899IN16
A0A0B6VPG3	A0A8X8MAG0
A0A0B6VPG3	A0A2S1GQU6
A0A0B6VPG3	A0A7L7SRQ0
A0A0B6VPG3	A0A514U5S8
A0A0B6VPG3	A0A067ZK08
A0A0B6VPG3	A0A3G2KCE4
A0A0B6VPG3	A0A384SLU3
A0A0B6VPG3	A0A386K3U6
A0A0B6VPG3	A0A0F6TJX5
A0A0B6VPG3	A0A4D6DXE6
A0A0B6VPG3	A0A6B9XBU0
A0A0B6VPG3	A0A482MZS6
A0A0B6VPG3	A0A218MAE0
A0A0B6VPG3	A0A6B9WSF4
A0A0B6VPG3	A0A1W6JU10
A0A0B6VPG3	Q7Y4V8
A0A0B6VPG3	A0A8F3C7U5
A0A0B6VPG3	A0A482IF41
A0A0B6VPG3	A0A482GBH3
A0A0B6VPG3	A0A2U8QQE6
A0A0B6VPG3	A0A6B9X1N9
A0A0B6VPG3	A0A3G2KB96
A0A0B6VPG3	A0A482MYK5
A0A0B6VPG3	A0A482MXF7
A0A0B6VPG3	A0A482GAR6
A0A0B6VPG3	A0A482GI51
A0A0B6VPG3	A0A3G3MC85
A0A0B6VPG3	A0A482MU12
A0A0B6VPG3	A0A5B9N2G0
A0A0B6VPG3	A0A2Z4QC56
A0A0B6VPG3	A0A650FBF2
A0A0B6VPG3	A0A3P4A956
A0A0B6VPG3	A0A6G6XHP2
A0A0B6VPG3	A0A088FRC8
A0A0B6VPG3	A0A7G8AL07
A0A0B6VPG3	A0A899IN16
A0A0B6VPG3	A0A9E7NXL7
A0A0B6VPG3	A0A514U5S8
A0A0B6VPG3	A0A7L7SRQ0
A0A0B6VPG3	A0A2S1GQU6
A0A0B6VPG3	A0A482GI51
A0A0B6VPG3	A0A482GAR6
A0A0B6VPG3	A0A4D6DXE6
A0A0B6VPG3	A0A6B9XBU0
A0A0B6VPG3	A0A6G6XHP2
A0A0B6VPG3	A0A7G8AL07
A0A0B6VPG3	A0A5B9N2G0
A0A0B6VPG3	A0A3P4A956
A0A0B6VPG3	A0A482GBH3
A0A0B6VPG3	A0A6B9X1N9
A0A0B6VPG3	A0A218MAE0
A0A0B6VPG3	A0A8X8MAG0
A0A0B6VPG3	A0A482MYK5
A0A0B6VPG3	A0A482MXF7
A0A0B6VPG3	A0A8F3C7U5
A0A0B6VPG3	A0A067ZK08
A0A0B6VPG3	A0A2Z4QC56
A0A0B6VPG3	Q7Y4V8
A0A0B6VPG3	A0A3G2KCE4
A0A0B6VPG3	A0A482MZS6
A0A0B6VPG3	A0A0F6TJX5
A0A0B6VPG3	A0A384SLU3
A0A0B6VPG3	A0A482IF41
A0A0B6VPG3	A0A6B9WSF4
A0A0B6VPG3	A0A386K3U6
A0A0B6VPG3	A0A2U8QQE6
A0A0B6VPG3	A0A650FBF2
A0A0B6VPG3	A0A1W6JU10
A0A0B6VPG3	A0A3G3MC85
A0A0B6VPG3	A0A3G2KB96
A0A0B6VPG3	A0A482MU12
A0A0B6VPG3	A0A088FRC8
A0A0B6VPG3	A0A9E7NXL7
A0A0B6VPG3	A0A899IN16
A0A0B6VPG3	A0A8X8MAG0
A0A0B6VPG3	A0A386K3U6
A0A0B6VPG3	A0A8F3C7U5
A0A0B6VPG3	A0A3G2KCE4
A0A0B6VPG3	A0A482GAR6
A0A0B6VPG3	A0A482IF41
A0A0B6VPG3	A0A067ZK08
A0A0B6VPG3	A0A0F6TJX5
A0A0B6VPG3	A0A482MYK5
A0A0B6VPG3	A0A6B9WSF4
A0A0B6VPG3	A0A482MXF7
A0A0B6VPG3	A0A482GBH3
A0A0B6VPG3	A0A1W6JU10
A0A0B6VPG3	A0A6B9X1N9
A0A0B6VPG3	A0A482MZS6
A0A0B6VPG3	A0A218MAE0
A0A0B6VPG3	A0A384SLU3
A0A0B6VPG3	A0A4D6DXE6
A0A0B6VPG3	A0A6B9XBU0
A0A0B6VPG3	Q7Y4V8
A0A0B6VPG3	A0A2U8QQE6
A0A0B6VPG3	A0A5B9N2G0
A0A0B6VPG3	A0A482GI51
A0A0B6VPG3	A0A3P4A956
A0A0B6VPG3	A0A2Z4QC56
A0A0B6VPG3	A0A514U5S8
A0A0B6VPG3	A0A7L7SRQ0
A0A0B6VPG3	A0A9E7NXL7
A0A0B6VPG3	A0A7G8AL07
A0A0B6VPG3	A0A650FBF2
A0A0B6VPG3	A0A2S1GQU6
A0A0B6VPG3	A0A899IN16
A0A0B6VPG3	A0A482MU12
A0A0B6VPG3	A0A6G6XHP2
A0A0B6VPG3	A0A3G3MC85
A0A0B6VPG3	A0A3G2KB96
A0A0B6VPG3	A0A088FRC8
A0A0B6VPG3	A0A7L7SRQ0
A0A0B6VPG3	A0A514U5S8
A0A0B6VPG3	A0A2S1GQU6
A0A0B6VPG3	A0A8F3C7U5
A0A0B6VPG3	A0A4D6DXE6
A0A0B6VPG3	A0A6B9XBU0
A0A0B6VPG3	A0A067ZK08
A0A0B6VPG3	A0A0F6TJX5
A0A0B6VPG3	A0A218MAE0
A0A0B6VPG3	A0A3G2KCE4
A0A0B6VPG3	A0A384SLU3
A0A0B6VPG3	A0A482IF41
A0A0B6VPG3	A0A650FBF2
A0A0B6VPG3	A0A482GBH3
A0A0B6VPG3	A0A6B9X1N9
A0A0B6VPG3	A0A482GI51
A0A0B6VPG3	A0A482MZS6
A0A0B6VPG3	A0A1W6JU10
A0A0B6VPG3	A0A9E7NXL7
A0A0B6VPG3	A0A482MYK5
A0A0B6VPG3	A0A482MXF7
A0A0B6VPG3	A0A5B9N2G0
A0A0B6VPG3	A0A482GAR6
A0A0B6VPG3	A0A6B9WSF4
A0A0B6VPG3	A0A3P4A956
A0A0B6VPG3	A0A3G3MC85
A0A0B6VPG3	A0A3G2KB96
A0A0B6VPG3	Q7Y4V8
A0A0B6VPG3	A0A2U8QQE6
A0A0B6VPG3	A0A386K3U6
A0A0B6VPG3	A0A6G6XHP2
A0A0B6VPG3	A0A2Z4QC56
A0A0B6VPG3	A0A482MU12
A0A0B6VPG3	A0A7G8AL07
A0A0B6VPG3	A0A899IN16
A0A0B6VPG3	A0A8X8MAG0
A0A0B6VPG3	A0A088FRC8
A0A0B6VPG3	A0A514U5S8
A0A0B6VPG3	A0A7L7SRQ0
A0A0B6VPG3	A0A8X8MAG0
A0A0B6VPG3	A0A2S1GQU6
A0A0B6VPG3	A0A482GAR6
A0A0B6VPG3	A0A8F3C7U5
A0A0B6VPG3	A0A482GBH3
A0A0B6VPG3	A0A6B9X1N9
A0A0B6VPG3	A0A482IF41
A0A0B6VPG3	A0A482MYK5
A0A0B6VPG3	A0A482MXF7
A0A0B6VPG3	A0A067ZK08
A0A0B6VPG3	A0A650FBF2
A0A0B6VPG3	A0A3G2KCE4
A0A0B6VPG3	A0A482MZS6
A0A0B6VPG3	A0A3G2KB96
A0A0B6VPG3	Q7Y4V8
A0A0B6VPG3	A0A482GI51
A0A0B6VPG3	A0A0F6TJX5
A0A0B6VPG3	A0A218MAE0
A0A0B6VPG3	A0A6G6XHP2
A0A0B6VPG3	A0A9E7NXL7
A0A0B6VPG3	A0A384SLU3
A0A0B6VPG3	A0A4D6DXE6
A0A0B6VPG3	A0A6B9XBU0
A0A0B6VPG3	A0A386K3U6
A0A0B6VPG3	A0A5B9N2G0
A0A0B6VPG3	A0A6B9WSF4
A0A0B6VPG3	A0A3G3MC85
A0A0B6VPG3	A0A2Z4QC56
A0A0B6VPG3	A0A3P4A956
A0A0B6VPG3	A0A2U8QQE6
A0A0B6VPG3	A0A899IN16
A0A0B6VPG3	A0A1W6JU10
A0A0B6VPG3	A0A088FRC8
A0A0B6VPG3	A0A482MU12
A0A0B6VPG3	A0A7G8AL07
A0A0B6VPG3	A0A8F3C7U5
A0A0B6VPG3	A0A218MAE0
A0A0B6VPG3	A0A482GI51
A0A0B6VPG3	A0A3P4A956
A0A0B6VPG3	A0A5B9N2G0
A0A0B6VPG3	A0A482IF41
A0A0B6VPG3	A0A482GBH3
A0A0B6VPG3	A0A6B9X1N9
A0A0B6VPG3	A0A482GAR6
A0A0B6VPG3	A0A4D6DXE6
A0A0B6VPG3	A0A6B9XBU0
A0A0B6VPG3	A0A482MYK5
A0A0B6VPG3	A0A482MXF7
A0A0B6VPG3	A0A067ZK08
A0A0B6VPG3	A0A514U5S8
A0A0B6VPG3	A0A7L7SRQ0
A0A0B6VPG3	A0A386K3U6
A0A0B6VPG3	Q7Y4V8
A0A0B6VPG3	A0A3G2KCE4
A0A0B6VPG3	A0A0F6TJX5
A0A0B6VPG3	A0A6B9WSF4
A0A0B6VPG3	A0A482MZS6
A0A0B6VPG3	A0A384SLU3
A0A0B6VPG3	A0A2S1GQU6
A0A0B6VPG3	A0A6G6XHP2
A0A0B6VPG3	A0A2U8QQE6
A0A0B6VPG3	A0A9E7NXL7
A0A0B6VPG3	A0A2Z4QC56
A0A0B6VPG3	A0A482MU12
A0A0B6VPG3	A0A650FBF2
A0A0B6VPG3	A0A1W6JU10
A0A0B6VPG3	A0A3G2KB96
A0A0B6VPG3	A0A3G3MC85
A0A0B6VPG3	A0A7G8AL07
A0A0B6VPG3	A0A899IN16
A0A0B6VPG3	A0A8X8MAG0
A0A0B6VPG3	A0A088FRC8
A0A0B6VPG3	A0A7L7SRQ0
A0A0B6VPG3	A0A514U5S8
A0A0B6VPG3	A0A2S1GQU6
A0A0B6VPG3	A0A1W6JU10
A0A0B6VPG3	A0A6G6XHP2
A0A0B6VPG3	A0A3G3MC85
A0A0B6VPG3	A0A3G2KB96
A0A0B6VPG3	A0A2Z4QC56
A0A0B6VPG3	A0A8X8MAG0
A0A0B6VPG3	A0A899IN16
A0A0B6VPG3	A0A088FRC8
A0A0B6VPG3	A0A7G8AL07
A0A0B6VPG3	A0A482MYK5
A0A0B6VPG3	A0A5B9N2G0
A0A0B6VPG3	A0A3P4A956
A0A0B6VPG3	A0A482GBH3
A0A0B6VPG3	A0A6B9X1N9
A0A0B6VPG3	A0A482GI51
A0A0B6VPG3	A0A8F3C7U5
A0A0B6VPG3	A0A482MXF7
A0A0B6VPG3	A0A0F6TJX5
A0A0B6VPG3	A0A384SLU3
A0A0B6VPG3	A0A3G2KCE4
A0A0B6VPG3	A0A4D6DXE6
A0A0B6VPG3	A0A218MAE0
A0A0B6VPG3	A0A067ZK08
A0A0B6VPG3	A0A6B9XBU0
A0A0B6VPG3	A0A482IF41
A0A0B6VPG3	A0A386K3U6
A0A0B6VPG3	A0A482GAR6
A0A0B6VPG3	A0A482MZS6
A0A0B6VPG3	Q7Y4V8
A0A0B6VPG3	A0A6B9WSF4
A0A0B6VPG3	A0A2U8QQE6
A0A0B6VPG3	A0A650FBF2
A0A0B6VPG3	A0A482MU12
A0A0B6VPG3	A0A9E7NXL7
A0A0B6VPG3	A0A8F3C7U5
A0A0B6VPG3	Q7Y4V8
A0A0B6VPG3	A0A218MAE0
A0A0B6VPG3	A0A482GI51
A0A0B6VPG3	A0A386K3U6
A0A0B6VPG3	A0A3P4A956
A0A0B6VPG3	A0A4D6DXE6
A0A0B6VPG3	A0A6B9XBU0
A0A0B6VPG3	A0A482IF41
A0A0B6VPG3	A0A5B9N2G0
A0A0B6VPG3	A0A482GBH3
A0A0B6VPG3	A0A6B9X1N9
A0A0B6VPG3	A0A482GAR6
A0A0B6VPG3	A0A067ZK08
A0A0B6VPG3	A0A482MYK5
A0A0B6VPG3	A0A482MXF7
A0A0B6VPG3	A0A3G2KCE4
A0A0B6VPG3	A0A0F6TJX5
A0A0B6VPG3	A0A384SLU3
A0A0B6VPG3	A0A482MZS6
A0A0B6VPG3	A0A6B9WSF4
A0A0B6VPG3	A0A2U8QQE6
A0A0B6VPG3	A0A9E7NXL7
A0A0B6VPG3	A0A482MU12
A0A0B6VPG3	A0A650FBF2
A0A0B6VPG3	A0A514U5S8
A0A0B6VPG3	A0A7L7SRQ0
A0A0B6VPG3	A0A6G6XHP2
A0A0B6VPG3	A0A8X8MAG0
A0A0B6VPG3	A0A1W6JU10
A0A0B6VPG3	A0A2Z4QC56
A0A0B6VPG3	A0A2S1GQU6
A0A0B6VPG3	A0A3G3MC85
A0A0B6VPG3	A0A3G2KB96
A0A0B6VPG3	A0A7G8AL07
A0A0B6VPG3	A0A899IN16
A0A0B6VPG3	A0A088FRC8
A0A0B6VPG3	A0A384SLU3
A0A0B6VPG3	A0A8F3C7U5
A0A0B6VPG3	A0A4D6DXE6
A0A0B6VPG3	A0A6B9XBU0
A0A0B6VPG3	A0A218MAE0
A0A0B6VPG3	A0A7L7SRQ0
A0A0B6VPG3	A0A067ZK08
A0A0B6VPG3	A0A0F6TJX5
A0A0B6VPG3	A0A514U5S8
A0A0B6VPG3	A0A482GI51
A0A0B6VPG3	A0A3P4A956
A0A0B6VPG3	A0A3G2KCE4
A0A0B6VPG3	A0A482IF41
A0A0B6VPG3	A0A5B9N2G0
A0A0B6VPG3	A0A482GBH3
A0A0B6VPG3	A0A6B9X1N9
A0A0B6VPG3	A0A482MZS6
A0A0B6VPG3	A0A2S1GQU6
A0A0B6VPG3	A0A482MYK5
A0A0B6VPG3	A0A482MXF7
A0A0B6VPG3	A0A6B9WSF4
A0A0B6VPG3	A0A482GAR6
A0A0B6VPG3	A0A6G6XHP2
A0A0B6VPG3	Q7Y4V8
A0A0B6VPG3	A0A386K3U6
A0A0B6VPG3	A0A2U8QQE6
A0A0B6VPG3	A0A1W6JU10
A0A0B6VPG3	A0A2Z4QC56
A0A0B6VPG3	A0A482MU12
A0A0B6VPG3	A0A650FBF2
A0A0B6VPG3	A0A7G8AL07
A0A0B6VPG3	A0A9E7NXL7
A0A0B6VPG3	A0A3G3MC85
A0A0B6VPG3	A0A3G2KB96
A0A0B6VPG3	A0A8X8MAG0
A0A0B6VPG3	A0A088FRC8
A0A0B6VPG3	A0A899IN16
A0A0B6VPG3	A0A218MAE0
A0A0B6VPG3	A0A482IF41
A0A0B6VPG3	A0A6B9XBU0
A0A0B6VPG3	A0A6B9X1N9
A0A0B6VPG3	A0A482GI51
A0A0B6VPG3	A0A8X8MAG0
A0A0B6VPG3	A0A482MYK5
A0A0B6VPG3	A0A5B9N2G0
A0A0B6VPG3	A0A482MXF7
A0A0B6VPG3	A0A386K3U6
A0A0B6VPG3	A0A8F3C7U5
A0A0B6VPG3	A0A4D6DXE6
A0A0B6VPG3	A0A482GBH3
A0A0B6VPG3	Q7Y4V8
A0A0B6VPG3	A0A3P4A956
A0A0B6VPG3	A0A3G2KCE4
A0A0B6VPG3	A0A650FBF2
A0A0B6VPG3	A0A7G8AL07
A0A0B6VPG3	A0A482GAR6
A0A0B6VPG3	A0A0F6TJX5
A0A0B6VPG3	A0A6B9WSF4
A0A0B6VPG3	A0A9E7NXL7
A0A0B6VPG3	A0A067ZK08
A0A0B6VPG3	A0A2Z4QC56
A0A0B6VPG3	A0A384SLU3
A0A0B6VPG3	A0A482MZS6
A0A0B6VPG3	A0A2U8QQE6
A0A0B6VPG3	A0A6G6XHP2
A0A0B6VPG3	A0A3G2KB96
A0A0B6VPG3	A0A1W6JU10
A0A0B6VPG3	A0A482MU12
A0A0B6VPG3	A0A088FRC8
A0A0B6VPG3	A0A3G3MC85
A0A0B6VPG3	A0A514U5S8
A0A0B6VPG3	A0A7L7SRQ0
A0A0B6VPG3	A0A2S1GQU6
A0A0B6VPG3	A0A899IN16
A0A0B6VPG3	A0A8X8MAG0
A0A0B6VPG3	A0A3P4A956
A0A0B6VPG3	A0A218MAE0
A0A0B6VPG3	A0A3G3MC85
A0A0B6VPG3	A0A3G2KB96
A0A0B6VPG3	A0A482IF41
A0A0B6VPG3	A0A482GI51
A0A0B6VPG3	A0A5B9N2G0
A0A0B6VPG3	A0A482GBH3
A0A0B6VPG3	A0A514U5S8
A0A0B6VPG3	Q7Y4V8
A0A0B6VPG3	A0A6B9X1N9
A0A0B6VPG3	A0A7L7SRQ0
A0A0B6VPG3	A0A482MYK5
A0A0B6VPG3	A0A1W6JU10
A0A0B6VPG3	A0A7G8AL07
A0A0B6VPG3	A0A482MXF7
A0A0B6VPG3	A0A386K3U6
A0A0B6VPG3	A0A482GAR6
A0A0B6VPG3	A0A2S1GQU6
A0A0B6VPG3	A0A4D6DXE6
A0A0B6VPG3	A0A6B9XBU0
A0A0B6VPG3	A0A067ZK08
A0A0B6VPG3	A0A2Z4QC56
A0A0B6VPG3	A0A3G2KCE4
A0A0B6VPG3	A0A8F3C7U5
A0A0B6VPG3	A0A0F6TJX5
A0A0B6VPG3	A0A482MZS6
A0A0B6VPG3	A0A6B9WSF4
A0A0B6VPG3	A0A6G6XHP2
A0A0B6VPG3	A0A088FRC8
A0A0B6VPG3	A0A899IN16
A0A0B6VPG3	A0A2U8QQE6
A0A0B6VPG3	A0A384SLU3
A0A0B6VPG3	A0A482MU12
A0A0B6VPG3	A0A9E7NXL7
A0A0B6VPG3	A0A650FBF2
A0A0B6VPG3	A0A976S475
A0A0B6VPG3	A0A7T5UEN2
A0A0B6VPG3	A0A6B9Y0I4
A0A0B6VPG3	A0A7G3KFM9
A0A0B6VPG3	A0A0B6VSS9
A0A0B6VPG3	A0A6B9Y0I4
A0A0B6VPG3	A0A7G3KFM9
A0A0B6VPG3	A0A976S475
A0A0B6VPG3	A0A0B6VSS9
A0A0B6VPG3	A0A7T5UEN2
A0A0B6VPG3	A0A7T5UEN2
A0A0B6VPG3	A0A6B9Y0I4
A0A0B6VPG3	A0A7G3KFM9
A0A0B6VPG3	A0A0B6VSS9
A0A0B6VPG3	A0A976S475
A0A0B6VPG3	A0A0B6VSS9
A0A0B6VPG3	A0A976S475
A0A0B6VPG3	A0A7T5UEN2
A0A0B6VPG3	A0A6B9Y0I4
A0A0B6VPG3	A0A7G3KFM9
A0A0B6VPG3	A0A0B6VSS9
A0A0B6VPG3	A0A7T5UEN2
A0A0B6VPG3	A0A6B9Y0I4
A0A0B6VPG3	A0A976S475
A0A0B6VPG3	A0A7G3KFM9
A0A0B6VPG3	A0A0B6VSS9
A0A0B6VPG3	A0A976S475
A0A0B6VPG3	A0A6B9Y0I4
A0A0B6VPG3	A0A7G3KFM9
A0A0B6VPG3	A0A7T5UEN2
A0A0B6VPG3	A0A0B6VSS9
A0A0B6VPG3	A0A976S475
A0A0B6VPG3	A0A6B9Y0I4
A0A0B6VPG3	A0A7G3KFM9
A0A0B6VPG3	A0A7T5UEN2
A0A0B6VPG3	A0A0B6VSS9
A0A0B6VPG3	A0A7T5UEN2
A0A0B6VPG3	A0A976S475
A0A0B6VPG3	A0A7G3KFM9
A0A0B6VPG3	A0A6B9Y0I4
A0A0B6VPG3	A0A0B6VSS9
A0A0B6VPG3	A0A7T5UEN2
A0A0B6VPG3	A0A6B9Y0I4
A0A0B6VPG3	A0A976S475
A0A0B6VPG3	A0A7G3KFM9
A0A0B6VPG3	A0A0B6VSS9
A0A0B6VPG3	A0A7T5UEN2
A0A0B6VPG3	A0A976S475
A0A0B6VPG3	A0A7G3KFM9
A0A0B6VPG3	A0A6B9Y0I4
A0A0B6VPG3	A0A0B6VSS9
A0A0B6VPG3	A0A7G3KFM9
A0A0B6VPG3	A0A6B9Y0I4
A0A0B6VPG3	A0A976S475
A0A0B6VPG3	A0A7T5UEN2
A0A0B6VPG3	A0A976S475
A0A0B6VPG3	A0A0B6VSS9
A0A0B6VPG3	A0A6B9Y0I4
A0A0B6VPG3	A0A7G3KFM9
A0A0B6VPG3	A0A7T5UEN2
A0A0B6VPG3	A0A0B6VSS9
A0A0B6VPG3	A0A7T5UEN2
A0A0B6VPG3	A0A6B9Y0I4
A0A0B6VPG3	A0A976S475
A0A0B6VPG3	A0A7G3KFM9
A0A0B6VPG3	A0A7T5UEN2
A0A0B6VPG3	A0A6B9Y0I4
A0A0B6VPG3	A0A7G3KFM9
A0A0B6VPG3	A0A0B6VSS9
A0A0B6VPG3	A0A976S475
A0A0B6VPG3	A0A976S475
A0A0B6VPG3	A0A6B9Y0I4
A0A0B6VPG3	A0A7G3KFM9
A0A0B6VPG3	A0A7T5UEN2
A0A0B6VPG3	A0A0B6VSS9
A0A0B6VPG3	A0A0B6VSS9
A0A0B6VPG3	A0A6B9Y0I4
A0A0B6VPG3	A0A976S475
A0A0B6VPG3	A0A7G3KFM9
A0A0B6VPG3	A0A7T5UEN2
A0A0B6VPG3	A0A7T5UEN2
A0A0B6VPG3	A0A0B6VSS9
A0A0B6VPG3	A0A976S475
A0A0B6VPG3	A0A6B9Y0I4
A0A0B6VPG3	A0A7G3KFM9
A0A0B6VPG3	A0A7T5UEN2
A0A0B6VPG3	A0A0B6VSS9
A0A0B6VPG3	A0A6B9Y0I4
A0A0B6VPG3	A0A7G3KFM9
A0A0B6VPG3	A0A976S475
A0A0B6VPG3	A0A6B9Y0I4
A0A0B6VPG3	A0A976S475
A0A0B6VPG3	A0A0B6VSS9
A0A0B6VPG3	A0A7G3KFM9
A0A0B6VPG3	A0A7T5UEN2
A0A0B6VPG3	A0A7T5UEN2
A0A0B6VPG3	A0A0B6VSS9
A0A0B6VPG3	A0A976S475
A0A0B6VPG3	A0A7G3KFM9
A0A0B6VPG3	A0A6B9Y0I4
A0A0B6VPG3	A0A0B6VSS9
A0A0B6VPG3	A0A7T5UEN2
A0A0B6VPG3	A0A976S475
A0A0B6VPG3	A0A6B9Y0I4
A0A0B6VPG3	A0A7G3KFM9
A0A0B6VPG3	A0A0B6VSS9
A0A0B6VPG3	A0A7T5UEN2
A0A0B6VPG3	A0A976S475
A0A0B6VPG3	A0A7G3KFM9
A0A0B6VPG3	A0A6B9Y0I4
A0A0B6VPG3	A0A0B6VSS9
A0A0B6VPG3	A0A976S475
A0A0B6VPG3	A0A6B9Y0I4
A0A0B6VPG3	A0A7T5UEN2
A0A0B6VPG3	A0A7G3KFM9
A0A0B6VPG3	A0A6B9Y0I4
A0A0B6VPG3	A0A7G3KFM9
A0A0B6VPG3	A0A0B6VSS9
A0A0B6VPG3	A0A976S475
A0A0B6VPG3	A0A7T5UEN2
A0A0B6VPG3	A0A6B9Y0I4
A0A0B6VPG3	A0A7G3KFM9
A0A0B6VPG3	A0A976S475
A0A0B6VPG3	A0A7T5UEN2
A0A0B6VPG3	A0A0B6VSS9
A0A0B6VPG3	A0A0B6VSS9
A0A0B6VPG3	A0A976S475
A0A0B6VPG3	A0A6B9Y0I4
A0A0B6VPG3	A0A7T5UEN2
A0A0B6VPG3	A0A7G3KFM9
A0A0B6VPG3	A0A0B6VSS9
A0A0B6VPG3	A0A6B9Y0I4
A0A0B6VPG3	A0A976S475
A0A0B6VPG3	A0A7G3KFM9
A0A0B6VPG3	A0A7T5UEN2
A0A0B6VPG3	A0A976S475
A0A0B6VPG3	A0A6B9Y0I4
A0A0B6VPG3	A0A7G3KFM9
A0A0B6VPG3	A0A7T5UEN2
A0A0B6VPG3	A0A0B6VSS9
A0A0B6VPG3	A0A0B6VSS9
A0A0B6VPG3	A0A6B9Y0I4
A0A0B6VPG3	A0A7G3KFM9
A0A0B6VPG3	A0A976S475
A0A0B6VPG3	A0A7T5UEN2
A0A0B6VPG3	A0A7T5UEN2
A0A0B6VPG3	A0A0B6VSS9
A0A0B6VPG3	A0A7G3KFM9
A0A0B6VPG3	A0A976S475
A0A0B6VPG3	A0A6B9Y0I4
A0A0B6VPG3	A0A7T5UEN2
A0A0B6VPG3	A0A0B6VSS9
A0A0B6VPG3	A0A6B9Y0I4
A0A0B6VPG3	A0A7G3KFM9
A0A0B6VPG3	A0A976S475
A0A0B6VPG3	A0A9E7MJS4
A0A0B6VPG3	A0A9E7MKI6
A0A0B6VPG3	W6ASM2
A0A0B6VPG3	E5DIJ1
A0A0B6VPG3	A0A2R3ZX95
A0A0B6VPG3	A0A2R3ZX95
A0A0B6VPG3	E5DIJ1
A0A0B6VPG3	A0A9E7MKI6
A0A0B6VPG3	A0A9E7MJS4
A0A0B6VPG3	W6ASM2
A0A0B6VPG3	E5DIJ1
A0A0B6VPG3	A0A2R3ZX95
A0A0B6VPG3	W6ASM2
A0A0B6VPG3	A0A9E7MJS4
A0A0B6VPG3	A0A9E7MKI6
A0A0B6VPG3	E5DIJ1
A0A0B6VPG3	A0A2R3ZX95
A0A0B6VPG3	W6ASM2
A0A0B6VPG3	A0A9E7MKI6
A0A0B6VPG3	A0A9E7MJS4
A0A0B6VPG3	W6ASM2
A0A0B6VPG3	A0A2R3ZX95
A0A0B6VPG3	E5DIJ1
A0A0B6VPG3	A0A9E7MKI6
A0A0B6VPG3	A0A9E7MJS4
A0A0B6VPG3	A0A2R3ZX95
A0A0B6VPG3	E5DIJ1
A0A0B6VPG3	A0A9E7MKI6
A0A0B6VPG3	A0A9E7MJS4
A0A0B6VPG3	W6ASM2
A0A0B6VPG3	A0A9E7MKI6
A0A0B6VPG3	A0A2R3ZX95
A0A0B6VPG3	W6ASM2
A0A0B6VPG3	A0A9E7MJS4
A0A0B6VPG3	E5DIJ1
A0A0B6VPG3	A0A2R3ZX95
A0A0B6VPG3	E5DIJ1
A0A0B6VPG3	W6ASM2
A0A0B6VPG3	A0A9E7MKI6
A0A0B6VPG3	A0A9E7MJS4
A0A0B6VPG3	A0A9E7MKI6
A0A0B6VPG3	A0A2R3ZX95
A0A0B6VPG3	E5DIJ1
A0A0B6VPG3	A0A9E7MJS4
A0A0B6VPG3	W6ASM2
A0A0B6VPG3	A0A9E7MKI6
A0A0B6VPG3	A0A9E7MJS4
A0A0B6VPG3	A0A2R3ZX95
A0A0B6VPG3	W6ASM2
A0A0B6VPG3	E5DIJ1
A0A0B6VPG3	A0A2R3ZX95
A0A0B6VPG3	A0A9E7MKI6
A0A0B6VPG3	E5DIJ1
A0A0B6VPG3	W6ASM2
A0A0B6VPG3	A0A9E7MJS4
A0A0B6VPG3	A0A9E7MKI6
A0A0B6VPG3	A0A2R3ZX95
A0A0B6VPG3	W6ASM2
A0A0B6VPG3	A0A9E7MJS4
A0A0B6VPG3	E5DIJ1
A0A0B6VPG3	A0A2R3ZX95
A0A0B6VPG3	W6ASM2
A0A0B6VPG3	E5DIJ1
A0A0B6VPG3	A0A9E7MKI6
A0A0B6VPG3	A0A9E7MJS4
A0A0B6VPG3	E5DIJ1
A0A0B6VPG3	A0A2R3ZX95
A0A0B6VPG3	W6ASM2
A0A0B6VPG3	A0A9E7MJS4
A0A0B6VPG3	A0A9E7MKI6
A0A0B6VPG3	A0A9E7MKI6
A0A0B6VPG3	W6ASM2
A0A0B6VPG3	A0A9E7MJS4
A0A0B6VPG3	E5DIJ1
A0A0B6VPG3	A0A2R3ZX95
A0A0B6VPG3	A0A9E7MKI6
A0A0B6VPG3	A0A2R3ZX95
A0A0B6VPG3	A0A9E7MJS4
A0A0B6VPG3	E5DIJ1
A0A0B6VPG3	W6ASM2
A0A0B6VPG3	E5DIJ1
A0A0B6VPG3	A0A2R3ZX95
A0A0B6VPG3	A0A9E7MKI6
A0A0B6VPG3	W6ASM2
A0A0B6VPG3	A0A9E7MJS4
A0A0B6VPG3	A0A2R3ZX95
A0A0B6VPG3	E5DIJ1
A0A0B6VPG3	A0A9E7MKI6
A0A0B6VPG3	W6ASM2
A0A0B6VPG3	A0A9E7MJS4
A0A0B6VPG3	A0A9E7MKI6
A0A0B6VPG3	A0A2R3ZX95
A0A0B6VPG3	A0A9E7MJS4
A0A0B6VPG3	E5DIJ1
A0A0B6VPG3	W6ASM2
A0A0B6VPG3	A0A9E7MKI6
A0A0B6VPG3	A0A9E7MJS4
A0A0B6VPG3	A0A2R3ZX95
A0A0B6VPG3	E5DIJ1
A0A0B6VPG3	W6ASM2
A0A0B6VPG3	A0A9E7MKI6
A0A0B6VPG3	A0A9E7MJS4
A0A0B6VPG3	E5DIJ1
A0A0B6VPG3	A0A2R3ZX95
A0A0B6VPG3	W6ASM2
A0A0B6VPG3	A0A9E7MKI6
A0A0B6VPG3	A0A9E7MJS4
A0A0B6VPG3	E5DIJ1
A0A0B6VPG3	A0A2R3ZX95
A0A0B6VPG3	W6ASM2
A0A0B6VPG3	A0A9E7MKI6
A0A0B6VPG3	A0A9E7MJS4
A0A0B6VPG3	E5DIJ1
A0A0B6VPG3	A0A2R3ZX95
A0A0B6VPG3	W6ASM2
A0A0B6VPG3	A0A9E7MKI6
A0A0B6VPG3	A0A2R3ZX95
A0A0B6VPG3	A0A9E7MJS4
A0A0B6VPG3	E5DIJ1
A0A0B6VPG3	W6ASM2
A0A0B6VPG3	A0A9E7MKI6
A0A0B6VPG3	E5DIJ1
A0A0B6VPG3	W6ASM2
A0A0B6VPG3	A0A9E7MJS4
A0A0B6VPG3	A0A2R3ZX95
A0A0B6VPG3	A0A9E7MKI6
A0A0B6VPG3	A0A2R3ZX95
A0A0B6VPG3	W6ASM2
A0A0B6VPG3	A0A9E7MJS4
A0A0B6VPG3	E5DIJ1
A0A0B6VPG3	A0A2R3ZX95
A0A0B6VPG3	W6ASM2
A0A0B6VPG3	A0A9E7MKI6
A0A0B6VPG3	E5DIJ1
A0A0B6VPG3	A0A9E7MJS4
A0A0B6VPG3	A0A9E7MKI6
A0A0B6VPG3	W6ASM2
A0A0B6VPG3	A0A9E7MJS4
A0A0B6VPG3	E5DIJ1
A0A0B6VPG3	A0A2R3ZX95
A0A0B6VPG3	A0A9E7MKI6
A0A0B6VPG3	A0A2R3ZX95
A0A0B6VPG3	W6ASM2
A0A0B6VPG3	A0A9E7MJS4
A0A0B6VPG3	E5DIJ1
A0A0B6VPG3	A0A9E7MKI6
A0A0B6VPG3	A0A9E7MJS4
A0A0B6VPG3	A0A2R3ZX95
A0A0B6VPG3	E5DIJ1
A0A0B6VPG3	W6ASM2
A0A0B6VPG3	A0A2R3ZX95
A0A0B6VPG3	E5DIJ1
A0A0B6VPG3	A0A9E7MKI6
A0A0B6VPG3	W6ASM2
A0A0B6VPG3	A0A9E7MJS4
A0A0B6VPG3	A0A0A0YQZ9
A0A0B6VPG3	A0A0K1LMT7
A0A0B6VPG3	A0A0A0YQZ9
A0A0B6VPG3	A0A0K1LMT7
A0A0B6VPG3	A0A0A0YQZ9
A0A0B6VPG3	A0A0K1LMT7
A0A0B6VPG3	A0A0K1LMT7
A0A0B6VPG3	A0A0A0YQZ9
A0A0B6VPG3	A0A0A0YQZ9
A0A0B6VPG3	A0A0K1LMT7
A0A0B6VPG3	A0A0K1LMT7
A0A0B6VPG3	A0A0A0YQZ9
A0A0B6VPG3	A0A0A0YQZ9
A0A0B6VPG3	A0A0K1LMT7
A0A0B6VPG3	A0A0A0YQZ9
A0A0B6VPG3	A0A0K1LMT7
A0A0B6VPG3	A0A0A0YQZ9
A0A0B6VPG3	A0A0K1LMT7
A0A0B6VPG3	A0A0K1LMT7
A0A0B6VPG3	A0A0A0YQZ9
A0A0B6VPG3	A0A0A0YQZ9
A0A0B6VPG3	A0A0K1LMT7
A0A0B6VPG3	A0A0A0YQZ9
A0A0B6VPG3	A0A0K1LMT7
A0A0B6VPG3	A0A0A0YQZ9
A0A0B6VPG3	A0A0K1LMT7
A0A0B6VPG3	A0A0K1LMT7
A0A0B6VPG3	A0A0A0YQZ9
A0A0B6VPG3	A0A0A0YQZ9
A0A0B6VPG3	A0A0K1LMT7
A0A0B6VPG3	A0A0K1LMT7
A0A0B6VPG3	A0A0A0YQZ9
A0A0B6VPG3	A0A0A0YQZ9
A0A0B6VPG3	A0A0K1LMT7
A0A0B6VPG3	A0A0K1LMT7
A0A0B6VPG3	A0A0A0YQZ9
A0A0B6VPG3	A0A0K1LMT7
A0A0B6VPG3	A0A0A0YQZ9
A0A0B6VPG3	A0A0K1LMT7
A0A0B6VPG3	A0A0A0YQZ9
A0A0B6VPG3	A0A0A0YQZ9
A0A0B6VPG3	A0A0K1LMT7
A0A0B6VPG3	A0A0A0YQZ9
A0A0B6VPG3	A0A0K1LMT7
A0A0B6VPG3	A0A0A0YQZ9
A0A0B6VPG3	A0A0K1LMT7
A0A0B6VPG3	A0A0A0YQZ9
A0A0B6VPG3	A0A0K1LMT7
A0A0B6VPG3	A0A0A0YQZ9
A0A0B6VPG3	A0A0K1LMT7
A0A0B6VPG3	A0A0A0YQZ9
A0A0B6VPG3	A0A0K1LMT7
A0A0B6VPG3	A0A0A0YQZ9
A0A0B6VPG3	A0A0K1LMT7
A0A0B6VPG3	A0A0A0YQZ9
A0A0B6VPG3	A0A0K1LMT7
A0A0B6VPG3	A0A0A0YQZ9
A0A0B6VPG3	A0A0K1LMT7
A0A0B6VPG3	A0A0K1LMT7
A0A0B6VPG3	A0A0A0YQZ9
A0A0B6VPG3	A0A0K1LMT7
A0A0B6VPG3	A0A0A0YQZ9
A0A0B6VPG3	A0A1Z1LZB3
A0A0B6VPG3	A0A1Z1LYH3
A0A0B6VPG3	A0A2Z5ZD75
A0A0B6VPG3	A0A1Z1LYH3
A0A0B6VPG3	A0A1Z1LZB3
A0A0B6VPG3	A0A2Z5ZD75
A0A0B6VPG3	A0A1Z1LYH3
A0A0B6VPG3	A0A1Z1LZB3
A0A0B6VPG3	A0A2Z5ZD75
A0A0B6VPG3	A0A1Z1LZB3
A0A0B6VPG3	A0A1Z1LYH3
A0A0B6VPG3	A0A2Z5ZD75
A0A0B6VPG3	A0A1Z1LYH3
A0A0B6VPG3	A0A1Z1LZB3
A0A0B6VPG3	A0A2Z5ZD75
A0A0B6VPG3	A0A1Z1LYH3
A0A0B6VPG3	A0A1Z1LZB3
A0A0B6VPG3	A0A2Z5ZD75
A0A0B6VPG3	A0A1Z1LZB3
A0A0B6VPG3	A0A1Z1LYH3
A0A0B6VPG3	A0A2Z5ZD75
A0A0B6VPG3	A0A2Z5ZD75
A0A0B6VPG3	A0A1Z1LZB3
A0A0B6VPG3	A0A1Z1LYH3
A0A0B6VPG3	A0A2Z5ZD75
A0A0B6VPG3	A0A1Z1LZB3
A0A0B6VPG3	A0A1Z1LYH3
A0A0B6VPG3	A0A1Z1LYH3
A0A0B6VPG3	A0A1Z1LZB3
A0A0B6VPG3	A0A2Z5ZD75
A0A0B6VPG3	A0A1Z1LZB3
A0A0B6VPG3	A0A1Z1LYH3
A0A0B6VPG3	A0A2Z5ZD75
A0A0B6VPG3	A0A1Z1LZB3
A0A0B6VPG3	A0A1Z1LYH3
A0A0B6VPG3	A0A2Z5ZD75
A0A0B6VPG3	A0A1Z1LYH3
A0A0B6VPG3	A0A1Z1LZB3
A0A0B6VPG3	A0A2Z5ZD75
A0A0B6VPG3	A0A1Z1LYH3
A0A0B6VPG3	A0A1Z1LZB3
A0A0B6VPG3	A0A2Z5ZD75
A0A0B6VPG3	A0A1Z1LZB3
A0A0B6VPG3	A0A1Z1LYH3
A0A0B6VPG3	A0A2Z5ZD75
A0A0B6VPG3	A0A1Z1LZB3
A0A0B6VPG3	A0A1Z1LYH3
A0A0B6VPG3	A0A2Z5ZD75
A0A0B6VPG3	A0A2Z5ZD75
A0A0B6VPG3	A0A1Z1LZB3
A0A0B6VPG3	A0A1Z1LYH3
A0A0B6VPG3	A0A1Z1LYH3
A0A0B6VPG3	A0A1Z1LZB3
A0A0B6VPG3	A0A2Z5ZD75
A0A0B6VPG3	A0A1Z1LZB3
A0A0B6VPG3	A0A1Z1LYH3
A0A0B6VPG3	A0A2Z5ZD75
A0A0B6VPG3	A0A1Z1LYH3
A0A0B6VPG3	A0A1Z1LZB3
A0A0B6VPG3	A0A2Z5ZD75
A0A0B6VPG3	A0A1Z1LZB3
A0A0B6VPG3	A0A1Z1LYH3
A0A0B6VPG3	A0A2Z5ZD75
A0A0B6VPG3	A0A1Z1LZB3
A0A0B6VPG3	A0A1Z1LYH3
A0A0B6VPG3	A0A2Z5ZD75
A0A0B6VPG3	A0A1Z1LYH3
A0A0B6VPG3	A0A1Z1LZB3
A0A0B6VPG3	A0A2Z5ZD75
A0A0B6VPG3	A0A1Z1LZB3
A0A0B6VPG3	A0A1Z1LYH3
A0A0B6VPG3	A0A2Z5ZD75
A0A0B6VPG3	A0A2Z5ZD75
A0A0B6VPG3	A0A1Z1LYH3
A0A0B6VPG3	A0A1Z1LZB3
A0A0B6VPG3	A0A1Z1LZB3
A0A0B6VPG3	A0A1Z1LYH3
A0A0B6VPG3	A0A2Z5ZD75
A0A0B6VPG3	A0A1Z1LYH3
A0A0B6VPG3	A0A1Z1LZB3
A0A0B6VPG3	A0A2Z5ZD75
A0A0B6VPG3	A0A1Z1LZB3
A0A0B6VPG3	A0A1Z1LYH3
A0A0B6VPG3	A0A2Z5ZD75
A0A0B6VPG3	A0A1Z1LZB3
A0A0B6VPG3	A0A1Z1LYH3
A0A0B6VPG3	A0A2Z5ZD75
A0A0B6VPG3	A0A1Z1LYH3
A0A0B6VPG3	A0A1Z1LZB3
A0A0B6VPG3	A0A2Z5ZD75
A0A0B6VPG3	A0A1Z1LYH3
A0A0B6VPG3	A0A1Z1LZB3
A0A0B6VPG3	A0A2Z5ZD75
A0A0A0Q0K7	A0A0A0Q0K7
A0A0A0Q0K7	A0A0A0Q0K7
A0A0A0Q0K7	A0A0A0Q0K7
A0A0A0Q0K7	A0A0A0Q0K7
A0A0A0Q0K7	A0A0A0Q0K7
A0A0A0Q0K7	A0A0A0Q0K7
A0A0A0Q0K7	A0A0A0Q0K7
A0A0A0Q0K7	A0A0A0Q0K7
A0A0A0Q0K7	A0A0A0Q0K7
A0A0A0Q0K7	A0A0A0Q0K7
A0A0A0Q0K7	A0A0A0Q0K7
A0A0A0Q0K7	A0A0A0Q0K7
A0A0A0Q0K7	A0A0A0Q0K7
A0A0A0Q0K7	A0A0A0Q0K7
A0A0A0Q0K7	A0A0A0Q0K7
A0A0A0Q0K7	A0A0A0Q0K7
A0A0A0Q0K7	A0A0A0Q0K7
A0A0A0Q0K7	A0A0A0Q0K7
A0A0A0Q0K7	A0A0A0Q0K7
A0A0A0Q0K7	A0A0A0Q0K7
A0A0A0Q0K7	A0A0A0Q0K7
A0A0A0Q0K7	A0A0A0Q0K7
A0A0A0Q0K7	A0A0A0Q0K7
A0A0A0Q0K7	A0A0A0Q0K7
A0A0A0Q0K7	A0A0A0Q0K7
A0A0A0Q0K7	A0A0A0Q0K7
A0A0A0Q0K7	A0A0A0Q0K7
A0A0A0Q0K7	A0A0A0Q0K7
A0A0A0Q0K7	A0A0A0Q0K7
A0A0A0Q0K7	A0A0A0Q0K7
A0A0A0Q0K7	A0A0A0Q0K7
A0A868BQD3	A0A868BQD3
A0A868BQD3	A0A868BQD3
A0A868BQD3	A0A868BQD3
A0A868BQD3	A0A868BQD3
A0A868BQD3	A0A868BQD3
A0A868BQD3	A0A868BQD3
A0A868BQD3	A0A868BQD3
A0A868BQD3	A0A868BQD3
A0A868BQD3	A0A868BQD3
A0A868BQD3	A0A868BQD3
A0A868BQD3	A0A868BQD3
A0A868BQD3	A0A868BQD3
A0A868BQD3	A0A868BQD3
A0A868BQD3	A0A868BQD3
A0A868BQD3	A0A868BQD3
A0A868BQD3	A0A868BQD3
A0A868BQD3	A0A868BQD3
A0A868BQD3	A0A868BQD3
A0A868BQD3	A0A868BQD3
A0A868BQD3	A0A868BQD3
A0A868BQD3	A0A868BQD3
A0A868BQD3	A0A868BQD3
A0A868BQD3	A0A868BQD3
A0A868BQD3	A0A868BQD3
A0A868BQD3	A0A868BQD3
A0A868BQD3	A0A868BQD3
A0A868BQD3	A0A868BQD3
A0A868BQD3	A0A868BQD3
A0A868BQD3	A0A868BQD3
A0A868BQD3	A0A868BQD3
A0A868BQD3	A0A868BQD3
A0A868BQD3	A0A1D3RKU5
A0A868BQD3	A0A1D3RKU5
A0A868BQD3	A0A1D3RKU5
A0A868BQD3	A0A1D3RKU5
A0A868BQD3	A0A1D3RKU5
A0A868BQD3	A0A1D3RKU5
A0A868BQD3	A0A1D3RKU5
A0A868BQD3	A0A1D3RKU5
A0A868BQD3	A0A1D3RKU5
A0A868BQD3	A0A1D3RKU5
A0A868BQD3	A0A1D3RKU5
A0A868BQD3	A0A1D3RKU5
A0A868BQD3	A0A1D3RKU5
A0A868BQD3	A0A1D3RKU5
A0A868BQD3	A0A1D3RKU5
A0A868BQD3	A0A1D3RKU5
A0A868BQD3	A0A1D3RKU5
A0A868BQD3	A0A1D3RKU5
A0A868BQD3	A0A1D3RKU5
A0A868BQD3	A0A1D3RKU5
A0A868BQD3	A0A1D3RKU5
A0A868BQD3	A0A1D3RKU5
A0A868BQD3	A0A1D3RKU5
A0A868BQD3	A0A1D3RKU5
A0A868BQD3	A0A1D3RKU5
A0A868BQD3	A0A1D3RKU5
A0A868BQD3	A0A1D3RKU5
A0A868BQD3	A0A1D3RKU5
A0A868BQD3	A0A1D3RKU5
A0A868BQD3	A0A1D3RKU5
A0A868BQD3	A0A1D3RKU5
A0A868BQD3	A0A2S1GLS6
A0A868BQD3	A0A2S1GLS6
A0A868BQD3	A0A2S1GLS6
A0A868BQD3	A0A2S1GLS6
A0A868BQD3	A0A2S1GLS6
A0A868BQD3	A0A2S1GLS6
A0A868BQD3	A0A2S1GLS6
A0A868BQD3	A0A2S1GLS6
A0A868BQD3	A0A2S1GLS6
A0A868BQD3	A0A2S1GLS6
A0A868BQD3	A0A2S1GLS6
A0A868BQD3	A0A2S1GLS6
A0A868BQD3	A0A2S1GLS6
A0A868BQD3	A0A2S1GLS6
A0A868BQD3	A0A2S1GLS6
A0A868BQD3	A0A2S1GLS6
A0A868BQD3	A0A2S1GLS6
A0A868BQD3	A0A2S1GLS6
A0A868BQD3	A0A2S1GLS6
A0A868BQD3	A0A2S1GLS6
A0A868BQD3	A0A2S1GLS6
A0A868BQD3	A0A2S1GLS6
A0A868BQD3	A0A2S1GLS6
A0A868BQD3	A0A2S1GLS6
A0A868BQD3	A0A2S1GLS6
A0A868BQD3	A0A2S1GLS6
A0A868BQD3	A0A2S1GLS6
A0A868BQD3	A0A2S1GLS6
A0A868BQD3	A0A2S1GLS6
A0A868BQD3	A0A2S1GLS6
A0A868BQD3	A0A2S1GLS6
A0A504XKA9	A0A504XKA9
A0A504XKA9	A0A1X0NW43
A0A504XKA9	A0A1X0NW43
A0A504XKA9	A0A504XKA9
A0A504XKA9	A0A504XKA9
A0A504XKA9	A0A504XKA9
A0A504XKA9	E9AIM1
A0A504XKA9	A0A1E1IVI9
A0A504XKA9	A0A836IJE3
A0A504XKA9	A0A836HFM1
A0A504XKA9	A0A836ICK1
A0A504XKA9	A0A504XKA9
A0A504XKA9	A0A1X0NW43
A0A504XKA9	A0A504XKA9
A0A504XKA9	A0A836ICK1
A0A504XKA9	A0A504XKA9
A0A504XKA9	A0A836ICK1
A0A504XKA9	A0A504XKA9
A0A504XKA9	A0A504XKA9
E9AC50	E9AC50
E9AC50	A0A6L0WHL8
E9AC50	E9AC50
E9AC50	A0A6L0WHL8
A0A873WHD1	A0A873WHD1
A0A873WHD1	A0A873WHD1
A0A873WHD1	A0A873WHD1
A0A873WHD1	A0A873WHD1
A0A873WHD1	A0A873WHD1
A0A873WHD1	A0A873WHD1
A0A873WHD1	A0A873WHD1
A0A873WHD1	A0A873WHD1
A0A873WHD1	A0A873WHD1
A0A873WHD1	A0A873WHD1
A0A873WHD1	A0A873WHD1
A0A873WHD1	A0A873WHD1
A0A873WHD1	A0A873WHD1
A0A873WHD1	A0A873WHD1
A0A873WHD1	A0A873WHD1
A0A873WHD1	A0A873WHD1
A0A873WHD1	A0A873WHD1
A0A873WHD1	A0A873WHD1
A0A873WHD1	A0A873WHD1
A0A873WHD1	A0A873WHD1
A0A873WHD1	A0A873WHD1
A0A873WHD1	A0A873WHD1
A0A873WHD1	A0A873WHD1
A0A873WHD1	A0A873WHD1
A0A873WHD1	A0A873WHD1
A0A873WHD1	A0A873WHD1
A0A873WHD1	A0A873WHD1
A0A873WHD1	A0A873WHD1
A0A873WHD1	A0A873WHD1
A0A873WHD1	A0A873WHD1
A0A873WHD1	A0A873WHD1
A0A873WHD1	A0A0B4L9J4
A0A873WHD1	A0A2D1GM49
A0A873WHD1	K4I475
A0A873WHD1	A0A1B0VVB2
A0A873WHD1	A0A0B4L9J4
A0A873WHD1	A0A2D1GM49
A0A873WHD1	K4I475
A0A873WHD1	A0A1B0VVB2
A0A873WHD1	A0A1B0VVB2
A0A873WHD1	A0A2D1GM49
A0A873WHD1	K4I475
A0A873WHD1	A0A0B4L9J4
A0A873WHD1	A0A1B0VVB2
A0A873WHD1	A0A0B4L9J4
A0A873WHD1	A0A2D1GM49
A0A873WHD1	K4I475
A0A873WHD1	A0A0B4L9J4
A0A873WHD1	A0A2D1GM49
A0A873WHD1	A0A1B0VVB2
A0A873WHD1	K4I475
A0A873WHD1	A0A0B4L9J4
A0A873WHD1	A0A2D1GM49
A0A873WHD1	K4I475
A0A873WHD1	A0A1B0VVB2
A0A873WHD1	A0A0B4L9J4
A0A873WHD1	A0A2D1GM49
A0A873WHD1	K4I475
A0A873WHD1	A0A1B0VVB2
A0A873WHD1	A0A1B0VVB2
A0A873WHD1	A0A2D1GM49
A0A873WHD1	K4I475
A0A873WHD1	A0A0B4L9J4
A0A873WHD1	A0A0B4L9J4
A0A873WHD1	A0A2D1GM49
A0A873WHD1	K4I475
A0A873WHD1	A0A1B0VVB2
A0A873WHD1	A0A1B0VVB2
A0A873WHD1	A0A2D1GM49
A0A873WHD1	K4I475
A0A873WHD1	A0A0B4L9J4
A0A873WHD1	A0A0B4L9J4
A0A873WHD1	A0A2D1GM49
A0A873WHD1	A0A1B0VVB2
A0A873WHD1	K4I475
A0A873WHD1	A0A0B4L9J4
A0A873WHD1	A0A2D1GM49
A0A873WHD1	K4I475
A0A873WHD1	A0A1B0VVB2
A0A873WHD1	A0A0B4L9J4
A0A873WHD1	A0A2D1GM49
A0A873WHD1	A0A1B0VVB2
A0A873WHD1	K4I475
A0A873WHD1	A0A1B0VVB2
A0A873WHD1	A0A2D1GM49
A0A873WHD1	K4I475
A0A873WHD1	A0A0B4L9J4
A0A873WHD1	A0A0B4L9J4
A0A873WHD1	A0A2D1GM49
A0A873WHD1	K4I475
A0A873WHD1	A0A1B0VVB2
A0A873WHD1	A0A0B4L9J4
A0A873WHD1	A0A2D1GM49
A0A873WHD1	A0A1B0VVB2
A0A873WHD1	K4I475
A0A873WHD1	A0A1B0VVB2
A0A873WHD1	A0A0B4L9J4
A0A873WHD1	A0A2D1GM49
A0A873WHD1	K4I475
A0A873WHD1	K4I475
A0A873WHD1	A0A2D1GM49
A0A873WHD1	A0A0B4L9J4
A0A873WHD1	A0A1B0VVB2
A0A873WHD1	A0A1B0VVB2
A0A873WHD1	A0A0B4L9J4
A0A873WHD1	A0A2D1GM49
A0A873WHD1	K4I475
A0A873WHD1	A0A0B4L9J4
A0A873WHD1	A0A1B0VVB2
A0A873WHD1	A0A2D1GM49
A0A873WHD1	K4I475
A0A873WHD1	A0A1B0VVB2
A0A873WHD1	A0A0B4L9J4
A0A873WHD1	A0A2D1GM49
A0A873WHD1	K4I475
A0A873WHD1	A0A1B0VVB2
A0A873WHD1	A0A2D1GM49
A0A873WHD1	K4I475
A0A873WHD1	A0A0B4L9J4
A0A873WHD1	A0A0B4L9J4
A0A873WHD1	A0A2D1GM49
A0A873WHD1	K4I475
A0A873WHD1	A0A1B0VVB2
A0A873WHD1	A0A0B4L9J4
A0A873WHD1	A0A2D1GM49
A0A873WHD1	A0A1B0VVB2
A0A873WHD1	K4I475
A0A873WHD1	K4I475
A0A873WHD1	A0A2D1GM49
A0A873WHD1	A0A1B0VVB2
A0A873WHD1	A0A0B4L9J4
A0A873WHD1	A0A0B4L9J4
A0A873WHD1	A0A2D1GM49
A0A873WHD1	K4I475
A0A873WHD1	A0A1B0VVB2
A0A873WHD1	A0A0B4L9J4
A0A873WHD1	A0A2D1GM49
A0A873WHD1	A0A1B0VVB2
A0A873WHD1	K4I475
A0A873WHD1	A0A0B4L9J4
A0A873WHD1	A0A2D1GM49
A0A873WHD1	K4I475
A0A873WHD1	A0A1B0VVB2
A0A873WHD1	A0A0B4L9J4
A0A873WHD1	A0A2D1GM49
A0A873WHD1	K4I475
A0A873WHD1	A0A1B0VVB2
A0A873WHD1	A0A1B0VVB2
A0A873WHD1	A0A0B4L9J4
A0A873WHD1	A0A2D1GM49
A0A873WHD1	K4I475
A0A873WHD1	A0A0B4L9J4
A0A873WHD1	A0A2D1GM49
A0A873WHD1	K4I475
A0A873WHD1	A0A1B0VVB2
A0A873WHD1	A0A386K8T9
A0A873WHD1	A0A159B804
A0A873WHD1	A0A976QNF6
A0A873WHD1	A0A5B9NDD6
A0A873WHD1	A0A7T7GS37
A0A873WHD1	A0A5Q2F6U6
A0A873WHD1	A0A1J0MHC7
A0A873WHD1	A0A7I8V225
A0A873WHD1	A0A5B7LFB5
A0A873WHD1	A0A5B9NEM7
A0A873WHD1	A0A7T3TJQ1
A0A873WHD1	A0A9E8S1C0
A0A873WHD1	A0A7R8MT60
A0A873WHD1	A0A2K9V5T8
A0A873WHD1	A0A1B1P933
A0A873WHD1	A0A9E7SIE0
A0A873WHD1	A0A5B9NGT0
A0A873WHD1	A0A5B9NBW5
A0A873WHD1	A0A9E7SIE0
A0A873WHD1	A0A7T7GS37
A0A873WHD1	A0A159B804
A0A873WHD1	A0A5B9NEM7
A0A873WHD1	A0A5Q2F6U6
A0A873WHD1	A0A2K9V5T8
A0A873WHD1	A0A7I8V225
A0A873WHD1	A0A5B7LFB5
A0A873WHD1	A0A7R8MT60
A0A873WHD1	A0A7T3TJQ1
A0A873WHD1	A0A5B9NGT0
A0A873WHD1	A0A9E8S1C0
A0A873WHD1	A0A1J0MHC7
A0A873WHD1	A0A5B9NDD6
A0A873WHD1	A0A386K8T9
A0A873WHD1	A0A976QNF6
A0A873WHD1	A0A5B9NBW5
A0A873WHD1	A0A1B1P933
A0A873WHD1	A0A5B9NEM7
A0A873WHD1	A0A5Q2F6U6
A0A873WHD1	A0A7I8V225
A0A873WHD1	A0A7T3TJQ1
A0A873WHD1	A0A159B804
A0A873WHD1	A0A7T7GS37
A0A873WHD1	A0A9E7SIE0
A0A873WHD1	A0A2K9V5T8
A0A873WHD1	A0A5B7LFB5
A0A873WHD1	A0A7R8MT60
A0A873WHD1	A0A5B9NGT0
A0A873WHD1	A0A5B9NDD6
A0A873WHD1	A0A9E8S1C0
A0A873WHD1	A0A976QNF6
A0A873WHD1	A0A1J0MHC7
A0A873WHD1	A0A386K8T9
A0A873WHD1	A0A1B1P933
A0A873WHD1	A0A5B9NBW5
A0A873WHD1	A0A5Q2F6U6
A0A873WHD1	A0A7I8V225
A0A873WHD1	A0A5B9NEM7
A0A873WHD1	A0A7T7GS37
A0A873WHD1	A0A7T3TJQ1
A0A873WHD1	A0A5B7LFB5
A0A873WHD1	A0A9E7SIE0
A0A873WHD1	A0A976QNF6
A0A873WHD1	A0A2K9V5T8
A0A873WHD1	A0A159B804
A0A873WHD1	A0A9E8S1C0
A0A873WHD1	A0A7R8MT60
A0A873WHD1	A0A5B9NBW5
A0A873WHD1	A0A5B9NDD6
A0A873WHD1	A0A5B9NGT0
A0A873WHD1	A0A1B1P933
A0A873WHD1	A0A386K8T9
A0A873WHD1	A0A1J0MHC7
A0A873WHD1	A0A5B9NEM7
A0A873WHD1	A0A5Q2F6U6
A0A873WHD1	A0A9E7SIE0
A0A873WHD1	A0A7T7GS37
A0A873WHD1	A0A7I8V225
A0A873WHD1	A0A2K9V5T8
A0A873WHD1	A0A159B804
A0A873WHD1	A0A7R8MT60
A0A873WHD1	A0A7T3TJQ1
A0A873WHD1	A0A5B9NGT0
A0A873WHD1	A0A5B7LFB5
A0A873WHD1	A0A5B9NDD6
A0A873WHD1	A0A1J0MHC7
A0A873WHD1	A0A9E8S1C0
A0A873WHD1	A0A976QNF6
A0A873WHD1	A0A5B9NBW5
A0A873WHD1	A0A386K8T9
A0A873WHD1	A0A1B1P933
A0A873WHD1	A0A7T7GS37
A0A873WHD1	A0A7I8V225
A0A873WHD1	A0A5Q2F6U6
A0A873WHD1	A0A9E7SIE0
A0A873WHD1	A0A976QNF6
A0A873WHD1	A0A5B9NDD6
A0A873WHD1	A0A5B7LFB5
A0A873WHD1	A0A5B9NGT0
A0A873WHD1	A0A159B804
A0A873WHD1	A0A5B9NEM7
A0A873WHD1	A0A7T3TJQ1
A0A873WHD1	A0A9E8S1C0
A0A873WHD1	A0A2K9V5T8
A0A873WHD1	A0A386K8T9
A0A873WHD1	A0A1J0MHC7
A0A873WHD1	A0A7R8MT60
A0A873WHD1	A0A1B1P933
A0A873WHD1	A0A5B9NBW5
A0A873WHD1	A0A386K8T9
A0A873WHD1	A0A976QNF6
A0A873WHD1	A0A7T7GS37
A0A873WHD1	A0A5B9NDD6
A0A873WHD1	A0A5Q2F6U6
A0A873WHD1	A0A7I8V225
A0A873WHD1	A0A1J0MHC7
A0A873WHD1	A0A5B7LFB5
A0A873WHD1	A0A5B9NEM7
A0A873WHD1	A0A159B804
A0A873WHD1	A0A9E8S1C0
A0A873WHD1	A0A1B1P933
A0A873WHD1	A0A7R8MT60
A0A873WHD1	A0A2K9V5T8
A0A873WHD1	A0A7T3TJQ1
A0A873WHD1	A0A5B9NBW5
A0A873WHD1	A0A9E7SIE0
A0A873WHD1	A0A5B9NGT0
A0A873WHD1	A0A5B9NEM7
A0A873WHD1	A0A7T7GS37
A0A873WHD1	A0A976QNF6
A0A873WHD1	A0A2K9V5T8
A0A873WHD1	A0A5Q2F6U6
A0A873WHD1	A0A9E7SIE0
A0A873WHD1	A0A7R8MT60
A0A873WHD1	A0A7I8V225
A0A873WHD1	A0A5B7LFB5
A0A873WHD1	A0A9E8S1C0
A0A873WHD1	A0A1J0MHC7
A0A873WHD1	A0A7T3TJQ1
A0A873WHD1	A0A386K8T9
A0A873WHD1	A0A5B9NGT0
A0A873WHD1	A0A5B9NBW5
A0A873WHD1	A0A1B1P933
A0A873WHD1	A0A159B804
A0A873WHD1	A0A5B9NDD6
A0A873WHD1	A0A386K8T9
A0A873WHD1	A0A2K9V5T8
A0A873WHD1	A0A5B9NDD6
A0A873WHD1	A0A7R8MT60
A0A873WHD1	A0A9E7SIE0
A0A873WHD1	A0A5B9NEM7
A0A873WHD1	A0A9E8S1C0
A0A873WHD1	A0A5Q2F6U6
A0A873WHD1	A0A7I8V225
A0A873WHD1	A0A5B9NGT0
A0A873WHD1	A0A976QNF6
A0A873WHD1	A0A5B7LFB5
A0A873WHD1	A0A7T3TJQ1
A0A873WHD1	A0A159B804
A0A873WHD1	A0A1J0MHC7
A0A873WHD1	A0A7T7GS37
A0A873WHD1	A0A1B1P933
A0A873WHD1	A0A5B9NBW5
A0A873WHD1	A0A7T7GS37
A0A873WHD1	A0A976QNF6
A0A873WHD1	A0A5B9NEM7
A0A873WHD1	A0A7R8MT60
A0A873WHD1	A0A2K9V5T8
A0A873WHD1	A0A9E7SIE0
A0A873WHD1	A0A5B7LFB5
A0A873WHD1	A0A7I8V225
A0A873WHD1	A0A1J0MHC7
A0A873WHD1	A0A159B804
A0A873WHD1	A0A9E8S1C0
A0A873WHD1	A0A7T3TJQ1
A0A873WHD1	A0A386K8T9
A0A873WHD1	A0A5Q2F6U6
A0A873WHD1	A0A5B9NDD6
A0A873WHD1	A0A5B9NBW5
A0A873WHD1	A0A1B1P933
A0A873WHD1	A0A5B9NGT0
A0A873WHD1	A0A159B804
A0A873WHD1	A0A976QNF6
A0A873WHD1	A0A7T7GS37
A0A873WHD1	A0A5B9NDD6
A0A873WHD1	A0A386K8T9
A0A873WHD1	A0A1B1P933
A0A873WHD1	A0A7I8V225
A0A873WHD1	A0A5B7LFB5
A0A873WHD1	A0A5B9NEM7
A0A873WHD1	A0A9E8S1C0
A0A873WHD1	A0A5Q2F6U6
A0A873WHD1	A0A1J0MHC7
A0A873WHD1	A0A7R8MT60
A0A873WHD1	A0A7T3TJQ1
A0A873WHD1	A0A9E7SIE0
A0A873WHD1	A0A2K9V5T8
A0A873WHD1	A0A5B9NGT0
A0A873WHD1	A0A5B9NBW5
A0A873WHD1	A0A386K8T9
A0A873WHD1	A0A7T7GS37
A0A873WHD1	A0A5Q2F6U6
A0A873WHD1	A0A976QNF6
A0A873WHD1	A0A7I8V225
A0A873WHD1	A0A5B7LFB5
A0A873WHD1	A0A159B804
A0A873WHD1	A0A5B9NDD6
A0A873WHD1	A0A5B9NEM7
A0A873WHD1	A0A9E8S1C0
A0A873WHD1	A0A7T3TJQ1
A0A873WHD1	A0A9E7SIE0
A0A873WHD1	A0A1J0MHC7
A0A873WHD1	A0A7R8MT60
A0A873WHD1	A0A2K9V5T8
A0A873WHD1	A0A1B1P933
A0A873WHD1	A0A5B9NGT0
A0A873WHD1	A0A5B9NBW5
A0A873WHD1	A0A159B804
A0A873WHD1	A0A5B9NEM7
A0A873WHD1	A0A5Q2F6U6
A0A873WHD1	A0A7T7GS37
A0A873WHD1	A0A9E7SIE0
A0A873WHD1	A0A7I8V225
A0A873WHD1	A0A7T3TJQ1
A0A873WHD1	A0A2K9V5T8
A0A873WHD1	A0A5B9NGT0
A0A873WHD1	A0A7R8MT60
A0A873WHD1	A0A976QNF6
A0A873WHD1	A0A5B7LFB5
A0A873WHD1	A0A5B9NDD6
A0A873WHD1	A0A1J0MHC7
A0A873WHD1	A0A9E8S1C0
A0A873WHD1	A0A386K8T9
A0A873WHD1	A0A5B9NBW5
A0A873WHD1	A0A1B1P933
A0A873WHD1	A0A159B804
A0A873WHD1	A0A5B9NEM7
A0A873WHD1	A0A7T3TJQ1
A0A873WHD1	A0A5Q2F6U6
A0A873WHD1	A0A7I8V225
A0A873WHD1	A0A5B9NGT0
A0A873WHD1	A0A7T7GS37
A0A873WHD1	A0A9E7SIE0
A0A873WHD1	A0A2K9V5T8
A0A873WHD1	A0A5B9NDD6
A0A873WHD1	A0A5B7LFB5
A0A873WHD1	A0A7R8MT60
A0A873WHD1	A0A1J0MHC7
A0A873WHD1	A0A9E8S1C0
A0A873WHD1	A0A976QNF6
A0A873WHD1	A0A386K8T9
A0A873WHD1	A0A1B1P933
A0A873WHD1	A0A5B9NBW5
A0A873WHD1	A0A386K8T9
A0A873WHD1	A0A976QNF6
A0A873WHD1	A0A7T3TJQ1
A0A873WHD1	A0A5Q2F6U6
A0A873WHD1	A0A159B804
A0A873WHD1	A0A1J0MHC7
A0A873WHD1	A0A5B9NDD6
A0A873WHD1	A0A7T7GS37
A0A873WHD1	A0A1B1P933
A0A873WHD1	A0A7I8V225
A0A873WHD1	A0A5B7LFB5
A0A873WHD1	A0A5B9NEM7
A0A873WHD1	A0A5B9NGT0
A0A873WHD1	A0A9E8S1C0
A0A873WHD1	A0A7R8MT60
A0A873WHD1	A0A5B9NBW5
A0A873WHD1	A0A9E7SIE0
A0A873WHD1	A0A2K9V5T8
A0A873WHD1	A0A159B804
A0A873WHD1	A0A5Q2F6U6
A0A873WHD1	A0A7T7GS37
A0A873WHD1	A0A7I8V225
A0A873WHD1	A0A7T3TJQ1
A0A873WHD1	A0A976QNF6
A0A873WHD1	A0A386K8T9
A0A873WHD1	A0A5B9NEM7
A0A873WHD1	A0A9E7SIE0
A0A873WHD1	A0A5B7LFB5
A0A873WHD1	A0A5B9NDD6
A0A873WHD1	A0A9E8S1C0
A0A873WHD1	A0A2K9V5T8
A0A873WHD1	A0A7R8MT60
A0A873WHD1	A0A5B9NGT0
A0A873WHD1	A0A1J0MHC7
A0A873WHD1	A0A1B1P933
A0A873WHD1	A0A5B9NBW5
A0A873WHD1	A0A7I8V225
A0A873WHD1	A0A5Q2F6U6
A0A873WHD1	A0A9E7SIE0
A0A873WHD1	A0A5B7LFB5
A0A873WHD1	A0A5B9NEM7
A0A873WHD1	A0A7T7GS37
A0A873WHD1	A0A9E8S1C0
A0A873WHD1	A0A5B9NGT0
A0A873WHD1	A0A2K9V5T8
A0A873WHD1	A0A5B9NBW5
A0A873WHD1	A0A5B9NDD6
A0A873WHD1	A0A7R8MT60
A0A873WHD1	A0A159B804
A0A873WHD1	A0A976QNF6
A0A873WHD1	A0A1J0MHC7
A0A873WHD1	A0A7T3TJQ1
A0A873WHD1	A0A1B1P933
A0A873WHD1	A0A386K8T9
A0A873WHD1	A0A9E7SIE0
A0A873WHD1	A0A5B9NGT0
A0A873WHD1	A0A5Q2F6U6
A0A873WHD1	A0A5B9NDD6
A0A873WHD1	A0A7I8V225
A0A873WHD1	A0A7T7GS37
A0A873WHD1	A0A5B9NEM7
A0A873WHD1	A0A159B804
A0A873WHD1	A0A5B7LFB5
A0A873WHD1	A0A9E8S1C0
A0A873WHD1	A0A2K9V5T8
A0A873WHD1	A0A1J0MHC7
A0A873WHD1	A0A7R8MT60
A0A873WHD1	A0A7T3TJQ1
A0A873WHD1	A0A386K8T9
A0A873WHD1	A0A976QNF6
A0A873WHD1	A0A5B9NBW5
A0A873WHD1	A0A1B1P933
A0A873WHD1	A0A159B804
A0A873WHD1	A0A5Q2F6U6
A0A873WHD1	A0A7T3TJQ1
A0A873WHD1	A0A386K8T9
A0A873WHD1	A0A7I8V225
A0A873WHD1	A0A9E7SIE0
A0A873WHD1	A0A976QNF6
A0A873WHD1	A0A7T7GS37
A0A873WHD1	A0A5B9NEM7
A0A873WHD1	A0A5B9NDD6
A0A873WHD1	A0A5B7LFB5
A0A873WHD1	A0A9E8S1C0
A0A873WHD1	A0A2K9V5T8
A0A873WHD1	A0A7R8MT60
A0A873WHD1	A0A5B9NGT0
A0A873WHD1	A0A1J0MHC7
A0A873WHD1	A0A1B1P933
A0A873WHD1	A0A5B9NBW5
A0A873WHD1	A0A5Q2F6U6
A0A873WHD1	A0A7I8V225
A0A873WHD1	A0A5B7LFB5
A0A873WHD1	A0A9E8S1C0
A0A873WHD1	A0A7T7GS37
A0A873WHD1	A0A5B9NEM7
A0A873WHD1	A0A5B9NDD6
A0A873WHD1	A0A2K9V5T8
A0A873WHD1	A0A7R8MT60
A0A873WHD1	A0A1J0MHC7
A0A873WHD1	A0A386K8T9
A0A873WHD1	A0A5B9NBW5
A0A873WHD1	A0A1B1P933
A0A873WHD1	A0A9E7SIE0
A0A873WHD1	A0A159B804
A0A873WHD1	A0A976QNF6
A0A873WHD1	A0A5B9NGT0
A0A873WHD1	A0A7T3TJQ1
A0A873WHD1	A0A5Q2F6U6
A0A873WHD1	A0A7I8V225
A0A873WHD1	A0A5B9NEM7
A0A873WHD1	A0A7T7GS37
A0A873WHD1	A0A7T3TJQ1
A0A873WHD1	A0A976QNF6
A0A873WHD1	A0A5B7LFB5
A0A873WHD1	A0A9E7SIE0
A0A873WHD1	A0A2K9V5T8
A0A873WHD1	A0A9E8S1C0
A0A873WHD1	A0A7R8MT60
A0A873WHD1	A0A159B804
A0A873WHD1	A0A5B9NBW5
A0A873WHD1	A0A5B9NDD6
A0A873WHD1	A0A1B1P933
A0A873WHD1	A0A5B9NGT0
A0A873WHD1	A0A386K8T9
A0A873WHD1	A0A1J0MHC7
A0A873WHD1	A0A7T7GS37
A0A873WHD1	A0A976QNF6
A0A873WHD1	A0A5B9NEM7
A0A873WHD1	A0A7R8MT60
A0A873WHD1	A0A5Q2F6U6
A0A873WHD1	A0A2K9V5T8
A0A873WHD1	A0A5B7LFB5
A0A873WHD1	A0A159B804
A0A873WHD1	A0A9E7SIE0
A0A873WHD1	A0A7I8V225
A0A873WHD1	A0A1J0MHC7
A0A873WHD1	A0A9E8S1C0
A0A873WHD1	A0A386K8T9
A0A873WHD1	A0A7T3TJQ1
A0A873WHD1	A0A5B9NDD6
A0A873WHD1	A0A5B9NBW5
A0A873WHD1	A0A1B1P933
A0A873WHD1	A0A5B9NGT0
A0A873WHD1	A0A7I8V225
A0A873WHD1	A0A7T7GS37
A0A873WHD1	A0A5Q2F6U6
A0A873WHD1	A0A5B9NEM7
A0A873WHD1	A0A5B7LFB5
A0A873WHD1	A0A9E8S1C0
A0A873WHD1	A0A7T3TJQ1
A0A873WHD1	A0A2K9V5T8
A0A873WHD1	A0A976QNF6
A0A873WHD1	A0A9E7SIE0
A0A873WHD1	A0A5B9NBW5
A0A873WHD1	A0A159B804
A0A873WHD1	A0A7R8MT60
A0A873WHD1	A0A5B9NDD6
A0A873WHD1	A0A1B1P933
A0A873WHD1	A0A386K8T9
A0A873WHD1	A0A1J0MHC7
A0A873WHD1	A0A5B9NGT0
A0A873WHD1	A0A159B804
A0A873WHD1	A0A5Q2F6U6
A0A873WHD1	A0A7T7GS37
A0A873WHD1	A0A7I8V225
A0A873WHD1	A0A7T3TJQ1
A0A873WHD1	A0A386K8T9
A0A873WHD1	A0A5B9NEM7
A0A873WHD1	A0A9E7SIE0
A0A873WHD1	A0A5B7LFB5
A0A873WHD1	A0A5B9NDD6
A0A873WHD1	A0A9E8S1C0
A0A873WHD1	A0A2K9V5T8
A0A873WHD1	A0A7R8MT60
A0A873WHD1	A0A5B9NGT0
A0A873WHD1	A0A976QNF6
A0A873WHD1	A0A1J0MHC7
A0A873WHD1	A0A1B1P933
A0A873WHD1	A0A5B9NBW5
A0A873WHD1	A0A9E7SIE0
A0A873WHD1	A0A5B9NGT0
A0A873WHD1	A0A5Q2F6U6
A0A873WHD1	A0A5B9NEM7
A0A873WHD1	A0A7I8V225
A0A873WHD1	A0A159B804
A0A873WHD1	A0A7T3TJQ1
A0A873WHD1	A0A2K9V5T8
A0A873WHD1	A0A5B7LFB5
A0A873WHD1	A0A7T7GS37
A0A873WHD1	A0A7R8MT60
A0A873WHD1	A0A9E8S1C0
A0A873WHD1	A0A976QNF6
A0A873WHD1	A0A1J0MHC7
A0A873WHD1	A0A5B9NBW5
A0A873WHD1	A0A386K8T9
A0A873WHD1	A0A5B9NDD6
A0A873WHD1	A0A1B1P933
A0A873WHD1	A0A386K8T9
A0A873WHD1	A0A7T7GS37
A0A873WHD1	A0A5Q2F6U6
A0A873WHD1	A0A976QNF6
A0A873WHD1	A0A7I8V225
A0A873WHD1	A0A5B7LFB5
A0A873WHD1	A0A159B804
A0A873WHD1	A0A5B9NDD6
A0A873WHD1	A0A5B9NEM7
A0A873WHD1	A0A9E8S1C0
A0A873WHD1	A0A7T3TJQ1
A0A873WHD1	A0A1J0MHC7
A0A873WHD1	A0A7R8MT60
A0A873WHD1	A0A2K9V5T8
A0A873WHD1	A0A9E7SIE0
A0A873WHD1	A0A1B1P933
A0A873WHD1	A0A5B9NBW5
A0A873WHD1	A0A5B9NGT0
A0A873WHD1	A0A9E7SIE0
A0A873WHD1	A0A159B804
A0A873WHD1	A0A7T3TJQ1
A0A873WHD1	A0A5B9NEM7
A0A873WHD1	A0A5Q2F6U6
A0A873WHD1	A0A5B9NGT0
A0A873WHD1	A0A7T7GS37
A0A873WHD1	A0A7I8V225
A0A873WHD1	A0A2K9V5T8
A0A873WHD1	A0A976QNF6
A0A873WHD1	A0A7R8MT60
A0A873WHD1	A0A5B7LFB5
A0A873WHD1	A0A5B9NDD6
A0A873WHD1	A0A1J0MHC7
A0A873WHD1	A0A9E8S1C0
A0A873WHD1	A0A386K8T9
A0A873WHD1	A0A5B9NBW5
A0A873WHD1	A0A1B1P933
A0A873WHD1	A0A386K8T9
A0A873WHD1	A0A976QNF6
A0A873WHD1	A0A7T3TJQ1
A0A873WHD1	A0A159B804
A0A873WHD1	A0A5B9NDD6
A0A873WHD1	A0A1J0MHC7
A0A873WHD1	A0A5Q2F6U6
A0A873WHD1	A0A7T7GS37
A0A873WHD1	A0A1B1P933
A0A873WHD1	A0A7I8V225
A0A873WHD1	A0A5B7LFB5
A0A873WHD1	A0A5B9NEM7
A0A873WHD1	A0A9E8S1C0
A0A873WHD1	A0A7R8MT60
A0A873WHD1	A0A2K9V5T8
A0A873WHD1	A0A5B9NBW5
A0A873WHD1	A0A9E7SIE0
A0A873WHD1	A0A5B9NGT0
A0A873WHD1	A0A5Q2F6U6
A0A873WHD1	A0A159B804
A0A873WHD1	A0A7T7GS37
A0A873WHD1	A0A9E7SIE0
A0A873WHD1	A0A7I8V225
A0A873WHD1	A0A5B7LFB5
A0A873WHD1	A0A5B9NDD6
A0A873WHD1	A0A5B9NEM7
A0A873WHD1	A0A9E8S1C0
A0A873WHD1	A0A386K8T9
A0A873WHD1	A0A7R8MT60
A0A873WHD1	A0A7T3TJQ1
A0A873WHD1	A0A2K9V5T8
A0A873WHD1	A0A1B1P933
A0A873WHD1	A0A5B9NGT0
A0A873WHD1	A0A976QNF6
A0A873WHD1	A0A1J0MHC7
A0A873WHD1	A0A5B9NBW5
A0A873WHD1	A0A5B9NBW5
A0A873WHD1	A0A1J0MHC7
A0A873WHD1	A0A1B1P933
A0A873WHD1	A0A9E8S1C0
A0A873WHD1	A0A5B7LFB5
A0A873WHD1	A0A5B9NDD6
A0A873WHD1	A0A7I8V225
A0A873WHD1	A0A386K8T9
A0A873WHD1	A0A7T7GS37
A0A873WHD1	A0A7R8MT60
A0A873WHD1	A0A5Q2F6U6
A0A873WHD1	A0A2K9V5T8
A0A873WHD1	A0A5B9NEM7
A0A873WHD1	A0A976QNF6
A0A873WHD1	A0A5B9NGT0
A0A873WHD1	A0A159B804
A0A873WHD1	A0A9E7SIE0
A0A873WHD1	A0A7T3TJQ1
A0A873WHD1	A0A9E7SIE0
A0A873WHD1	A0A5B9NGT0
A0A873WHD1	A0A5Q2F6U6
A0A873WHD1	A0A5B9NDD6
A0A873WHD1	A0A7I8V225
A0A873WHD1	A0A7T7GS37
A0A873WHD1	A0A5B9NEM7
A0A873WHD1	A0A159B804
A0A873WHD1	A0A5B7LFB5
A0A873WHD1	A0A9E8S1C0
A0A873WHD1	A0A2K9V5T8
A0A873WHD1	A0A1J0MHC7
A0A873WHD1	A0A7R8MT60
A0A873WHD1	A0A7T3TJQ1
A0A873WHD1	A0A386K8T9
A0A873WHD1	A0A976QNF6
A0A873WHD1	A0A5B9NBW5
A0A873WHD1	A0A1B1P933
A0A1V0DXU5	A0A1V0DXU5
A0A1V0DXU5	A0A1V0DXU5
A0A1V0DXU5	A0A1V0DXU5
A0A1V0DXU5	A0A1V0DXU5
A0A1V0DXU5	A0A1V0DXU5
A0A1V0DXU5	A0A1V0DXU5
A0A1V0DXU5	A0A1V0DXU5
A0A1V0DXU5	A0A1V0DXU5
A0A1V0DXU5	A0A1V0DXU5
A0A1V0DXU5	A0A1V0DXU5
A0A1V0DXU5	A0A1V0DXU5
A0A1V0DXU5	A0A1V0DXU5
A0A1V0DXU5	A0A1V0DXU5
A0A1V0DXU5	A0A1V0DXU5
A0A1V0DXU5	A0A1V0DXU5
A0A1V0DXU5	A0A1V0DXU5
A0A1V0DXU5	A0A1V0DXU5
A0A1V0DXU5	A0A1V0DXU5
A0A1V0DXU5	A0A1V0DXU5
A0A1V0DXU5	A0A1V0DXU5
A0A1V0DXU5	A0A1V0DXU5
A0A1V0DXU5	A0A1V0DXU5
A0A1V0DXU5	A0A1V0DXU5
A0A1V0DXU5	A0A1V0DXU5
A0A1V0DXU5	A0A1V0DXU5
A0A1V0DXU5	A0A1V0DXU5
A0A1V0DXU5	A0A1V0DXU5
A0A1V0DXU5	A0A1V0DXU5
A0A1V0DXU5	A0A1V0DXU5
A0A1V0DXU5	A0A1V0DXU5
A0A1V0DXU5	A0A1V0DXU5
D9I5Z3	D9I5Z3
D9I5Z3	D9I5Z3
D9I5Z3	D9I5Z3
D9I5Z3	D9I5Z3
D9I5Z3	D9I5Z3
D9I5Z3	D9I5Z3
D9I5Z3	D9I5Z3
D9I5Z3	D9I5Z3
D9I5Z3	D9I5Z3
D9I5Z3	D9I5Z3
D9I5Z3	D9I5Z3
D9I5Z3	D9I5Z3
D9I5Z3	D9I5Z3
D9I5Z3	D9I5Z3
D9I5Z3	D9I5Z3
D9I5Z3	D9I5Z3
D9I5Z3	D9I5Z3
D9I5Z3	D9I5Z3
D9I5Z3	D9I5Z3
D9I5Z3	D9I5Z3
D9I5Z3	D9I5Z3
D9I5Z3	D9I5Z3
D9I5Z3	D9I5Z3
D9I5Z3	D9I5Z3
D9I5Z3	D9I5Z3
D9I5Z3	D9I5Z3
D9I5Z3	D9I5Z3
D9I5Z3	D9I5Z3
D9I5Z3	D9I5Z3
D9I5Z3	D9I5Z3
D9I5Z3	D9I5Z3
A0A7T8F042	A0A7T8F042
A0A7T8F042	A0A650EUV7
A0A7T8F042	A0A7D3UKP8
A0A7T8F042	A0A6B9M1N4
A0A7T8F042	A0A6B9J9P2
A0A7T8F042	A0A4Y1NLZ4
A0A7T8F042	A0A385IIC6
A0A7T8F042	A0A7U3WFB1
A0A7T8F042	A0A7T8F0T8
A0A7T8F042	E5EPE4
A0A7T8F042	A0A3Q9R788
A0A7T8F042	I3WVV6
A0A7T8F042	A0A9E7J002
A0A7T8F042	A0A6B9SYQ5
A0A7T8F042	I3WVV6
A0A7T8F042	A0A3Q9R788
A0A7T8F042	A0A9E7J002
A0A7T8F042	A0A7T8F0T8
A0A7T8F042	A0A7U3WFB1
A0A7T8F042	A0A7T8F042
A0A7T8F042	A0A6B9SYQ5
A0A7T8F042	E5EPE4
A0A7T8F042	A0A650EUV7
A0A7T8F042	A0A385IIC6
A0A7T8F042	A0A7D3UKP8
A0A7T8F042	A0A6B9J9P2
A0A7T8F042	A0A4Y1NLZ4
A0A7T8F042	A0A6B9M1N4
A0A7T8F042	A0A7T8F0T8
A0A7T8F042	A0A3Q9R788
A0A7T8F042	A0A6B9SYQ5
A0A7T8F042	A0A7T8F042
A0A7T8F042	A0A9E7J002
A0A7T8F042	A0A650EUV7
A0A7T8F042	A0A7U3WFB1
A0A7T8F042	A0A7D3UKP8
A0A7T8F042	E5EPE4
A0A7T8F042	A0A6B9J9P2
A0A7T8F042	A0A6B9M1N4
A0A7T8F042	A0A4Y1NLZ4
A0A7T8F042	A0A385IIC6
A0A7T8F042	I3WVV6
A0A7T8F042	A0A3Q9R788
A0A7T8F042	A0A7T8F0T8
A0A7T8F042	E5EPE4
A0A7T8F042	A0A6B9SYQ5
A0A7T8F042	A0A9E7J002
A0A7T8F042	A0A7U3WFB1
A0A7T8F042	A0A7T8F042
A0A7T8F042	I3WVV6
A0A7T8F042	A0A650EUV7
A0A7T8F042	A0A385IIC6
A0A7T8F042	A0A7D3UKP8
A0A7T8F042	A0A6B9J9P2
A0A7T8F042	A0A4Y1NLZ4
A0A7T8F042	A0A6B9M1N4
A0A7T8F042	A0A7T8F0T8
A0A7T8F042	A0A3Q9R788
A0A7T8F042	A0A6B9SYQ5
A0A7T8F042	A0A9E7J002
A0A7T8F042	A0A7T8F042
A0A7T8F042	A0A7U3WFB1
A0A7T8F042	I3WVV6
A0A7T8F042	E5EPE4
A0A7T8F042	A0A650EUV7
A0A7T8F042	A0A7D3UKP8
A0A7T8F042	A0A6B9J9P2
A0A7T8F042	A0A6B9M1N4
A0A7T8F042	A0A4Y1NLZ4
A0A7T8F042	A0A385IIC6
A0A7T8F042	I3WVV6
A0A7T8F042	E5EPE4
A0A7T8F042	A0A4Y1NLZ4
A0A7T8F042	A0A3Q9R788
A0A7T8F042	A0A650EUV7
A0A7T8F042	A0A385IIC6
A0A7T8F042	A0A7T8F0T8
A0A7T8F042	A0A7D3UKP8
A0A7T8F042	A0A9E7J002
A0A7T8F042	A0A6B9J9P2
A0A7T8F042	A0A6B9M1N4
A0A7T8F042	A0A7U3WFB1
A0A7T8F042	A0A7T8F042
A0A7T8F042	A0A6B9SYQ5
A0A7T8F042	A0A650EUV7
A0A7T8F042	A0A7D3UKP8
A0A7T8F042	A0A6B9M1N4
A0A7T8F042	A0A6B9J9P2
A0A7T8F042	A0A4Y1NLZ4
A0A7T8F042	A0A385IIC6
A0A7T8F042	A0A7T8F042
A0A7T8F042	A0A7U3WFB1
A0A7T8F042	A0A7T8F0T8
A0A7T8F042	A0A3Q9R788
A0A7T8F042	E5EPE4
A0A7T8F042	A0A9E7J002
A0A7T8F042	A0A6B9SYQ5
A0A7T8F042	I3WVV6
A0A7T8F042	I3WVV6
A0A7T8F042	A0A6B9SYQ5
A0A7T8F042	A0A9E7J002
A0A7T8F042	A0A7T8F0T8
A0A7T8F042	A0A7U3WFB1
A0A7T8F042	A0A3Q9R788
A0A7T8F042	A0A650EUV7
A0A7T8F042	A0A4Y1NLZ4
A0A7T8F042	A0A7T8F042
A0A7T8F042	A0A7D3UKP8
A0A7T8F042	A0A6B9M1N4
A0A7T8F042	A0A6B9J9P2
A0A7T8F042	A0A385IIC6
A0A7T8F042	E5EPE4
A0A7T8F042	E5EPE4
A0A7T8F042	I3WVV6
A0A7T8F042	A0A6B9SYQ5
A0A7T8F042	A0A7U3WFB1
A0A7T8F042	A0A3Q9R788
A0A7T8F042	A0A7T8F042
A0A7T8F042	A0A7T8F0T8
A0A7T8F042	A0A9E7J002
A0A7T8F042	A0A385IIC6
A0A7T8F042	A0A7D3UKP8
A0A7T8F042	A0A6B9J9P2
A0A7T8F042	A0A6B9M1N4
A0A7T8F042	A0A4Y1NLZ4
A0A7T8F042	A0A650EUV7
A0A7T8F042	I3WVV6
A0A7T8F042	A0A650EUV7
A0A7T8F042	A0A385IIC6
A0A7T8F042	A0A7D3UKP8
A0A7T8F042	A0A6B9M1N4
A0A7T8F042	A0A6B9J9P2
A0A7T8F042	A0A4Y1NLZ4
A0A7T8F042	A0A7T8F0T8
A0A7T8F042	A0A6B9SYQ5
A0A7T8F042	A0A9E7J002
A0A7T8F042	A0A3Q9R788
A0A7T8F042	E5EPE4
A0A7T8F042	A0A7U3WFB1
A0A7T8F042	A0A7T8F042
A0A7T8F042	E5EPE4
A0A7T8F042	I3WVV6
A0A7T8F042	A0A3Q9R788
A0A7T8F042	A0A9E7J002
A0A7T8F042	A0A7T8F0T8
A0A7T8F042	A0A650EUV7
A0A7T8F042	A0A7D3UKP8
A0A7T8F042	A0A6B9J9P2
A0A7T8F042	A0A6B9M1N4
A0A7T8F042	A0A7U3WFB1
A0A7T8F042	A0A4Y1NLZ4
A0A7T8F042	A0A6B9SYQ5
A0A7T8F042	A0A7T8F042
A0A7T8F042	A0A385IIC6
A0A7T8F042	A0A385IIC6
A0A7T8F042	A0A650EUV7
A0A7T8F042	A0A7D3UKP8
A0A7T8F042	A0A6B9M1N4
A0A7T8F042	A0A6B9J9P2
A0A7T8F042	A0A4Y1NLZ4
A0A7T8F042	A0A7T8F042
A0A7T8F042	A0A7U3WFB1
A0A7T8F042	A0A7T8F0T8
A0A7T8F042	E5EPE4
A0A7T8F042	A0A3Q9R788
A0A7T8F042	A0A9E7J002
A0A7T8F042	I3WVV6
A0A7T8F042	A0A6B9SYQ5
A0A7T8F042	I3WVV6
A0A7T8F042	A0A3Q9R788
A0A7T8F042	A0A6B9SYQ5
A0A7T8F042	A0A9E7J002
A0A7T8F042	A0A7T8F0T8
A0A7T8F042	A0A7U3WFB1
A0A7T8F042	A0A7T8F042
A0A7T8F042	E5EPE4
A0A7T8F042	A0A650EUV7
A0A7T8F042	A0A7D3UKP8
A0A7T8F042	A0A6B9J9P2
A0A7T8F042	A0A4Y1NLZ4
A0A7T8F042	A0A6B9M1N4
A0A7T8F042	A0A385IIC6
A0A7T8F042	A0A650EUV7
A0A7T8F042	A0A7D3UKP8
A0A7T8F042	A0A6B9J9P2
A0A7T8F042	A0A4Y1NLZ4
A0A7T8F042	A0A6B9M1N4
A0A7T8F042	A0A7T8F0T8
A0A7T8F042	A0A385IIC6
A0A7T8F042	A0A3Q9R788
A0A7T8F042	A0A6B9SYQ5
A0A7T8F042	A0A7T8F042
A0A7T8F042	A0A9E7J002
A0A7T8F042	E5EPE4
A0A7T8F042	I3WVV6
A0A7T8F042	A0A7U3WFB1
A0A7T8F042	A0A650EUV7
A0A7T8F042	A0A7D3UKP8
A0A7T8F042	A0A6B9M1N4
A0A7T8F042	A0A6B9J9P2
A0A7T8F042	A0A4Y1NLZ4
A0A7T8F042	A0A385IIC6
A0A7T8F042	A0A7T8F042
A0A7T8F042	A0A7T8F0T8
A0A7T8F042	A0A7U3WFB1
A0A7T8F042	A0A3Q9R788
A0A7T8F042	E5EPE4
A0A7T8F042	A0A9E7J002
A0A7T8F042	A0A6B9SYQ5
A0A7T8F042	I3WVV6
A0A7T8F042	I3WVV6
A0A7T8F042	E5EPE4
A0A7T8F042	A0A650EUV7
A0A7T8F042	A0A385IIC6
A0A7T8F042	A0A7D3UKP8
A0A7T8F042	A0A6B9J9P2
A0A7T8F042	A0A6B9M1N4
A0A7T8F042	A0A4Y1NLZ4
A0A7T8F042	A0A7T8F042
A0A7T8F042	A0A7T8F0T8
A0A7T8F042	A0A3Q9R788
A0A7T8F042	A0A7U3WFB1
A0A7T8F042	A0A9E7J002
A0A7T8F042	A0A6B9SYQ5
A0A7T8F042	E5EPE4
A0A7T8F042	A0A7D3UKP8
A0A7T8F042	A0A6B9J9P2
A0A7T8F042	A0A650EUV7
A0A7T8F042	A0A6B9M1N4
A0A7T8F042	A0A4Y1NLZ4
A0A7T8F042	A0A385IIC6
A0A7T8F042	A0A3Q9R788
A0A7T8F042	A0A7U3WFB1
A0A7T8F042	A0A7T8F042
A0A7T8F042	A0A7T8F0T8
A0A7T8F042	I3WVV6
A0A7T8F042	A0A6B9SYQ5
A0A7T8F042	A0A9E7J002
A0A7T8F042	I3WVV6
A0A7T8F042	A0A650EUV7
A0A7T8F042	A0A4Y1NLZ4
A0A7T8F042	A0A385IIC6
A0A7T8F042	A0A7D3UKP8
A0A7T8F042	A0A6B9M1N4
A0A7T8F042	E5EPE4
A0A7T8F042	A0A6B9J9P2
A0A7T8F042	A0A9E7J002
A0A7T8F042	A0A7T8F042
A0A7T8F042	A0A7T8F0T8
A0A7T8F042	A0A3Q9R788
A0A7T8F042	A0A7U3WFB1
A0A7T8F042	A0A6B9SYQ5
A0A7T8F042	I3WVV6
A0A7T8F042	A0A7T8F042
A0A7T8F042	E5EPE4
A0A7T8F042	A0A7T8F0T8
A0A7T8F042	A0A3Q9R788
A0A7T8F042	A0A7U3WFB1
A0A7T8F042	A0A9E7J002
A0A7T8F042	A0A6B9SYQ5
A0A7T8F042	A0A650EUV7
A0A7T8F042	A0A385IIC6
A0A7T8F042	A0A7D3UKP8
A0A7T8F042	A0A6B9J9P2
A0A7T8F042	A0A6B9M1N4
A0A7T8F042	A0A4Y1NLZ4
A0A7T8F042	A0A650EUV7
A0A7T8F042	E5EPE4
A0A7T8F042	A0A7D3UKP8
A0A7T8F042	A0A6B9M1N4
A0A7T8F042	A0A6B9J9P2
A0A7T8F042	A0A4Y1NLZ4
A0A7T8F042	A0A385IIC6
A0A7T8F042	A0A3Q9R788
A0A7T8F042	I3WVV6
A0A7T8F042	A0A9E7J002
A0A7T8F042	A0A7T8F0T8
A0A7T8F042	A0A7U3WFB1
A0A7T8F042	A0A6B9SYQ5
A0A7T8F042	A0A7T8F042
A0A7T8F042	E5EPE4
A0A7T8F042	I3WVV6
A0A7T8F042	A0A3Q9R788
A0A7T8F042	A0A7T8F0T8
A0A7T8F042	A0A6B9SYQ5
A0A7T8F042	A0A9E7J002
A0A7T8F042	A0A7U3WFB1
A0A7T8F042	A0A7T8F042
A0A7T8F042	A0A650EUV7
A0A7T8F042	A0A385IIC6
A0A7T8F042	A0A7D3UKP8
A0A7T8F042	A0A6B9J9P2
A0A7T8F042	A0A6B9M1N4
A0A7T8F042	A0A4Y1NLZ4
A0A7T8F042	I3WVV6
A0A7T8F042	A0A650EUV7
A0A7T8F042	A0A385IIC6
A0A7T8F042	A0A7D3UKP8
A0A7T8F042	A0A6B9M1N4
A0A7T8F042	A0A6B9J9P2
A0A7T8F042	A0A4Y1NLZ4
A0A7T8F042	A0A7T8F0T8
A0A7T8F042	A0A9E7J002
A0A7T8F042	A0A6B9SYQ5
A0A7T8F042	A0A3Q9R788
A0A7T8F042	A0A7T8F042
A0A7T8F042	E5EPE4
A0A7T8F042	A0A7U3WFB1
A0A7T8F042	I3WVV6
A0A7T8F042	A0A3Q9R788
A0A7T8F042	A0A9E7J002
A0A7T8F042	A0A7T8F0T8
A0A7T8F042	A0A7U3WFB1
A0A7T8F042	A0A6B9SYQ5
A0A7T8F042	A0A7T8F042
A0A7T8F042	E5EPE4
A0A7T8F042	A0A650EUV7
A0A7T8F042	A0A385IIC6
A0A7T8F042	A0A7D3UKP8
A0A7T8F042	A0A6B9M1N4
A0A7T8F042	A0A6B9J9P2
A0A7T8F042	A0A4Y1NLZ4
A0A7T8F042	I3WVV6
A0A7T8F042	E5EPE4
A0A7T8F042	A0A7T8F042
A0A7T8F042	A0A7T8F0T8
A0A7T8F042	A0A3Q9R788
A0A7T8F042	A0A7U3WFB1
A0A7T8F042	A0A9E7J002
A0A7T8F042	A0A6B9SYQ5
A0A7T8F042	A0A650EUV7
A0A7T8F042	A0A385IIC6
A0A7T8F042	A0A7D3UKP8
A0A7T8F042	A0A6B9M1N4
A0A7T8F042	A0A6B9J9P2
A0A7T8F042	A0A4Y1NLZ4
A0A7T8F042	A0A650EUV7
A0A7T8F042	A0A7D3UKP8
A0A7T8F042	A0A6B9J9P2
A0A7T8F042	A0A6B9M1N4
A0A7T8F042	A0A4Y1NLZ4
A0A7T8F042	A0A385IIC6
A0A7T8F042	A0A9E7J002
A0A7T8F042	A0A7T8F0T8
A0A7T8F042	E5EPE4
A0A7T8F042	A0A7T8F042
A0A7T8F042	A0A3Q9R788
A0A7T8F042	A0A6B9SYQ5
A0A7T8F042	I3WVV6
A0A7T8F042	A0A7U3WFB1
A0A7T8F042	A0A650EUV7
A0A7T8F042	A0A7D3UKP8
A0A7T8F042	A0A6B9M1N4
A0A7T8F042	A0A6B9J9P2
A0A7T8F042	A0A4Y1NLZ4
A0A7T8F042	A0A385IIC6
A0A7T8F042	A0A7T8F042
A0A7T8F042	A0A7T8F0T8
A0A7T8F042	A0A7U3WFB1
A0A7T8F042	A0A3Q9R788
A0A7T8F042	E5EPE4
A0A7T8F042	A0A9E7J002
A0A7T8F042	A0A6B9SYQ5
A0A7T8F042	I3WVV6
A0A7T8F042	A0A7T8F0T8
A0A7T8F042	A0A3Q9R788
A0A7T8F042	A0A6B9SYQ5
A0A7T8F042	A0A9E7J002
A0A7T8F042	E5EPE4
A0A7T8F042	I3WVV6
A0A7T8F042	A0A7T8F042
A0A7T8F042	A0A7U3WFB1
A0A7T8F042	A0A650EUV7
A0A7T8F042	A0A385IIC6
A0A7T8F042	A0A7D3UKP8
A0A7T8F042	A0A6B9J9P2
A0A7T8F042	A0A6B9M1N4
A0A7T8F042	A0A4Y1NLZ4
A0A7T8F042	A0A650EUV7
A0A7T8F042	A0A7D3UKP8
A0A7T8F042	A0A6B9M1N4
A0A7T8F042	A0A6B9J9P2
A0A7T8F042	A0A4Y1NLZ4
A0A7T8F042	A0A385IIC6
A0A7T8F042	A0A7T8F042
A0A7T8F042	A0A7T8F0T8
A0A7T8F042	A0A7U3WFB1
A0A7T8F042	A0A3Q9R788
A0A7T8F042	E5EPE4
A0A7T8F042	A0A9E7J002
A0A7T8F042	I3WVV6
A0A7T8F042	A0A6B9SYQ5
A0A7T8F042	I3WVV6
A0A7T8F042	A0A385IIC6
A0A7T8F042	A0A650EUV7
A0A7T8F042	E5EPE4
A0A7T8F042	A0A7D3UKP8
A0A7T8F042	A0A6B9J9P2
A0A7T8F042	A0A6B9M1N4
A0A7T8F042	A0A4Y1NLZ4
A0A7T8F042	A0A7T8F042
A0A7T8F042	A0A7T8F0T8
A0A7T8F042	A0A7U3WFB1
A0A7T8F042	A0A3Q9R788
A0A7T8F042	A0A9E7J002
A0A7T8F042	A0A6B9SYQ5
A0A7T8F042	A0A650EUV7
A0A7T8F042	A0A3Q9R788
A0A7T8F042	A0A7D3UKP8
A0A7T8F042	A0A6B9M1N4
A0A7T8F042	A0A6B9J9P2
A0A7T8F042	A0A4Y1NLZ4
A0A7T8F042	A0A9E7J002
A0A7T8F042	A0A385IIC6
A0A7T8F042	A0A7T8F0T8
A0A7T8F042	A0A7U3WFB1
A0A7T8F042	E5EPE4
A0A7T8F042	A0A6B9SYQ5
A0A7T8F042	A0A7T8F042
A0A7T8F042	I3WVV6
A0A7T8F042	I3WVV6
A0A7T8F042	E5EPE4
A0A7T8F042	A0A650EUV7
A0A7T8F042	A0A4Y1NLZ4
A0A7T8F042	A0A385IIC6
A0A7T8F042	A0A7D3UKP8
A0A7T8F042	A0A6B9M1N4
A0A7T8F042	A0A6B9J9P2
A0A7T8F042	A0A7T8F042
A0A7T8F042	A0A7T8F0T8
A0A7T8F042	A0A3Q9R788
A0A7T8F042	A0A7U3WFB1
A0A7T8F042	A0A6B9SYQ5
A0A7T8F042	A0A9E7J002
E5E3Z1	E5E3Z1
E5E3Z1	E5E3Z1
E5E3Z1	E5E3Z1
E5E3Z1	E5E3Z1
E5E3Z1	E5E3Z1
E5E3Z1	E5E3Z1
E5E3Z1	E5E3Z1
E5E3Z1	E5E3Z1
E5E3Z1	E5E3Z1
E5E3Z1	E5E3Z1
E5E3Z1	E5E3Z1
E5E3Z1	E5E3Z1
E5E3Z1	E5E3Z1
E5E3Z1	E5E3Z1
E5E3Z1	E5E3Z1
E5E3Z1	E5E3Z1
E5E3Z1	E5E3Z1
E5E3Z1	E5E3Z1
E5E3Z1	E5E3Z1
E5E3Z1	E5E3Z1
E5E3Z1	E5E3Z1
E5E3Z1	E5E3Z1
E5E3Z1	E5E3Z1
E5E3Z1	E5E3Z1
E5E3Z1	E5E3Z1
E5E3Z1	E5E3Z1
E5E3Z1	E5E3Z1
E5E3Z1	E5E3Z1
E5E3Z1	E5E3Z1
E5E3Z1	E5E3Z1
E5E3Z1	E5E3Z1
M9V1J0	M9V1J0
M9V1J0	A0A5P8PGN2
M9V1J0	A0A7T3TJM3
M9V1J0	A0A8E7KXP0
M9V1J0	K4F865
M9V1J0	A0A6M3YM85
M9V1J0	A0A1W5P0Y5
M9V1J0	A0A1W5N132
M9V1J0	D9ICU5
M9V1J0	A0A1X8VCC9
M9V1J0	A0A3B8DIZ3
M9V1J0	A0A8T8L5Y9
M9V1J0	A0A9E9P789
M9V1J0	A0A0K0QTF1
M9V1J0	Q56BF0
M9V1J0	A0A7T3NBD4
M9V1J0	A0A7I8HN59
M9V1J0	A0A076YPP0
M9V1J0	A0A7T3N6C2
M9V1J0	M9V1J0
M9V1J0	Q56BF0
M9V1J0	A0A9E9P789
M9V1J0	A0A6M3YM85
M9V1J0	K4F865
M9V1J0	A0A1W5P0Y5
M9V1J0	A0A1X8VCC9
M9V1J0	D9ICU5
M9V1J0	A0A0K0QTF1
M9V1J0	A0A8E7KXP0
M9V1J0	A0A1W5N132
M9V1J0	A0A8T8L5Y9
M9V1J0	A0A7T3TJM3
M9V1J0	A0A7T3NBD4
M9V1J0	A0A7I8HN59
M9V1J0	A0A7T3N6C2
M9V1J0	A0A3B8DIZ3
M9V1J0	A0A076YPP0
M9V1J0	A0A5P8PGN2
M9V1J0	A0A6M3YM85
M9V1J0	A0A7T3TJM3
M9V1J0	Q56BF0
M9V1J0	M9V1J0
M9V1J0	K4F865
M9V1J0	A0A8T8L5Y9
M9V1J0	A0A8E7KXP0
M9V1J0	A0A0K0QTF1
M9V1J0	A0A1W5P0Y5
M9V1J0	A0A1X8VCC9
M9V1J0	A0A1W5N132
M9V1J0	D9ICU5
M9V1J0	A0A9E9P789
M9V1J0	A0A7I8HN59
M9V1J0	A0A7T3NBD4
M9V1J0	A0A3B8DIZ3
M9V1J0	A0A5P8PGN2
M9V1J0	A0A7T3N6C2
M9V1J0	A0A076YPP0
M9V1J0	D9ICU5
M9V1J0	Q56BF0
M9V1J0	A0A1W5N132
M9V1J0	A0A6M3YM85
M9V1J0	A0A1W5P0Y5
M9V1J0	A0A8T8L5Y9
M9V1J0	A0A1X8VCC9
M9V1J0	A0A7T3NBD4
M9V1J0	A0A7I8HN59
M9V1J0	K4F865
M9V1J0	A0A8E7KXP0
M9V1J0	A0A0K0QTF1
M9V1J0	A0A7T3TJM3
M9V1J0	A0A9E9P789
M9V1J0	A0A3B8DIZ3
M9V1J0	M9V1J0
M9V1J0	A0A7T3N6C2
M9V1J0	A0A076YPP0
M9V1J0	A0A5P8PGN2
M9V1J0	A0A6M3YM85
M9V1J0	Q56BF0
M9V1J0	A0A0K0QTF1
M9V1J0	D9ICU5
M9V1J0	A0A1W5P0Y5
M9V1J0	A0A1X8VCC9
M9V1J0	A0A5P8PGN2
M9V1J0	A0A9E9P789
M9V1J0	A0A1W5N132
M9V1J0	A0A7T3TJM3
M9V1J0	A0A8E7KXP0
M9V1J0	A0A7T3NBD4
M9V1J0	A0A7I8HN59
M9V1J0	A0A3B8DIZ3
M9V1J0	M9V1J0
M9V1J0	A0A7T3N6C2
M9V1J0	A0A076YPP0
M9V1J0	A0A8T8L5Y9
M9V1J0	K4F865
M9V1J0	M9V1J0
M9V1J0	A0A9E9P789
M9V1J0	A0A1W5P0Y5
M9V1J0	Q56BF0
M9V1J0	A0A1X8VCC9
M9V1J0	A0A6M3YM85
M9V1J0	A0A1W5N132
M9V1J0	A0A8E7KXP0
M9V1J0	A0A7T3TJM3
M9V1J0	A0A8T8L5Y9
M9V1J0	A0A0K0QTF1
M9V1J0	A0A7T3NBD4
M9V1J0	A0A7I8HN59
M9V1J0	D9ICU5
M9V1J0	A0A3B8DIZ3
M9V1J0	K4F865
M9V1J0	A0A7T3N6C2
M9V1J0	A0A5P8PGN2
M9V1J0	A0A076YPP0
M9V1J0	A0A5P8PGN2
M9V1J0	M9V1J0
M9V1J0	A0A7T3TJM3
M9V1J0	A0A6M3YM85
M9V1J0	A0A8E7KXP0
M9V1J0	Q56BF0
M9V1J0	D9ICU5
M9V1J0	A0A1W5P0Y5
M9V1J0	A0A1X8VCC9
M9V1J0	A0A9E9P789
M9V1J0	A0A0K0QTF1
M9V1J0	A0A1W5N132
M9V1J0	A0A7T3N6C2
M9V1J0	K4F865
M9V1J0	A0A7T3NBD4
M9V1J0	A0A7I8HN59
M9V1J0	A0A3B8DIZ3
M9V1J0	A0A076YPP0
M9V1J0	A0A8T8L5Y9
M9V1J0	Q56BF0
M9V1J0	D9ICU5
M9V1J0	M9V1J0
M9V1J0	A0A1W5P0Y5
M9V1J0	A0A1W5N132
M9V1J0	A0A6M3YM85
M9V1J0	A0A1X8VCC9
M9V1J0	A0A7T3TJM3
M9V1J0	A0A7I8HN59
M9V1J0	A0A0K0QTF1
M9V1J0	A0A9E9P789
M9V1J0	A0A8E7KXP0
M9V1J0	A0A7T3NBD4
M9V1J0	K4F865
M9V1J0	A0A3B8DIZ3
M9V1J0	A0A8T8L5Y9
M9V1J0	A0A5P8PGN2
M9V1J0	A0A7T3N6C2
M9V1J0	A0A076YPP0
M9V1J0	A0A6M3YM85
M9V1J0	A0A0K0QTF1
M9V1J0	Q56BF0
M9V1J0	D9ICU5
M9V1J0	A0A5P8PGN2
M9V1J0	K4F865
M9V1J0	A0A8E7KXP0
M9V1J0	A0A7T3TJM3
M9V1J0	A0A7I8HN59
M9V1J0	A0A9E9P789
M9V1J0	A0A7T3NBD4
M9V1J0	A0A076YPP0
M9V1J0	A0A1W5N132
M9V1J0	A0A1W5P0Y5
M9V1J0	A0A1X8VCC9
M9V1J0	A0A7T3N6C2
M9V1J0	A0A3B8DIZ3
M9V1J0	A0A8T8L5Y9
M9V1J0	M9V1J0
M9V1J0	A0A1W5N132
M9V1J0	M9V1J0
M9V1J0	A0A1W5P0Y5
M9V1J0	A0A1X8VCC9
M9V1J0	A0A7I8HN59
M9V1J0	D9ICU5
M9V1J0	A0A7T3NBD4
M9V1J0	Q56BF0
M9V1J0	A0A3B8DIZ3
M9V1J0	A0A9E9P789
M9V1J0	A0A8E7KXP0
M9V1J0	A0A7T3N6C2
M9V1J0	A0A6M3YM85
M9V1J0	A0A5P8PGN2
M9V1J0	A0A7T3TJM3
M9V1J0	A0A0K0QTF1
M9V1J0	A0A8T8L5Y9
M9V1J0	K4F865
M9V1J0	A0A076YPP0
M9V1J0	A0A6M3YM85
M9V1J0	A0A0K0QTF1
M9V1J0	Q56BF0
M9V1J0	D9ICU5
M9V1J0	A0A1W5P0Y5
M9V1J0	A0A1X8VCC9
M9V1J0	A0A9E9P789
M9V1J0	A0A8E7KXP0
M9V1J0	A0A1W5N132
M9V1J0	M9V1J0
M9V1J0	A0A7T3NBD4
M9V1J0	A0A7I8HN59
M9V1J0	A0A7T3TJM3
M9V1J0	A0A5P8PGN2
M9V1J0	A0A3B8DIZ3
M9V1J0	A0A7T3N6C2
M9V1J0	K4F865
M9V1J0	A0A076YPP0
M9V1J0	A0A8T8L5Y9
M9V1J0	A0A5P8PGN2
M9V1J0	M9V1J0
M9V1J0	A0A7T3TJM3
M9V1J0	A0A8E7KXP0
M9V1J0	A0A1W5P0Y5
M9V1J0	A0A1X8VCC9
M9V1J0	A0A6M3YM85
M9V1J0	A0A9E9P789
M9V1J0	A0A1W5N132
M9V1J0	D9ICU5
M9V1J0	A0A3B8DIZ3
M9V1J0	A0A0K0QTF1
M9V1J0	Q56BF0
M9V1J0	A0A7T3NBD4
M9V1J0	A0A7I8HN59
M9V1J0	K4F865
M9V1J0	A0A7T3N6C2
M9V1J0	A0A076YPP0
M9V1J0	A0A8T8L5Y9
M9V1J0	A0A6M3YM85
M9V1J0	A0A3B8DIZ3
M9V1J0	A0A0K0QTF1
M9V1J0	A0A1W5P0Y5
M9V1J0	Q56BF0
M9V1J0	D9ICU5
M9V1J0	A0A1X8VCC9
M9V1J0	A0A9E9P789
M9V1J0	A0A1W5N132
M9V1J0	A0A5P8PGN2
M9V1J0	A0A8E7KXP0
M9V1J0	A0A7T3NBD4
M9V1J0	A0A7I8HN59
M9V1J0	A0A7T3TJM3
M9V1J0	M9V1J0
M9V1J0	A0A7T3N6C2
M9V1J0	A0A076YPP0
M9V1J0	A0A8T8L5Y9
M9V1J0	K4F865
M9V1J0	A0A6M3YM85
M9V1J0	M9V1J0
M9V1J0	A0A7T3TJM3
M9V1J0	Q56BF0
M9V1J0	K4F865
M9V1J0	A0A0K0QTF1
M9V1J0	A0A8E7KXP0
M9V1J0	A0A8T8L5Y9
M9V1J0	A0A1W5P0Y5
M9V1J0	A0A1X8VCC9
M9V1J0	D9ICU5
M9V1J0	A0A1W5N132
M9V1J0	A0A9E9P789
M9V1J0	A0A7I8HN59
M9V1J0	A0A7T3NBD4
M9V1J0	A0A3B8DIZ3
M9V1J0	A0A7T3N6C2
M9V1J0	A0A5P8PGN2
M9V1J0	A0A076YPP0
M9V1J0	A0A5P8PGN2
M9V1J0	A0A7T3TJM3
M9V1J0	A0A8E7KXP0
M9V1J0	M9V1J0
M9V1J0	K4F865
M9V1J0	A0A1W5P0Y5
M9V1J0	A0A1W5N132
M9V1J0	A0A1X8VCC9
M9V1J0	A0A3B8DIZ3
M9V1J0	A0A8T8L5Y9
M9V1J0	A0A9E9P789
M9V1J0	A0A7T3NBD4
M9V1J0	A0A7I8HN59
M9V1J0	A0A6M3YM85
M9V1J0	D9ICU5
M9V1J0	A0A0K0QTF1
M9V1J0	Q56BF0
M9V1J0	A0A076YPP0
M9V1J0	A0A7T3N6C2
M9V1J0	A0A6M3YM85
M9V1J0	A0A0K0QTF1
M9V1J0	Q56BF0
M9V1J0	D9ICU5
M9V1J0	A0A1W5P0Y5
M9V1J0	A0A1X8VCC9
M9V1J0	A0A9E9P789
M9V1J0	A0A7T3TJM3
M9V1J0	A0A8E7KXP0
M9V1J0	A0A1W5N132
M9V1J0	M9V1J0
M9V1J0	A0A7T3NBD4
M9V1J0	A0A7I8HN59
M9V1J0	A0A3B8DIZ3
M9V1J0	A0A5P8PGN2
M9V1J0	A0A7T3N6C2
M9V1J0	K4F865
M9V1J0	A0A8T8L5Y9
M9V1J0	A0A076YPP0
M9V1J0	A0A8E7KXP0
M9V1J0	A0A1W5N132
M9V1J0	A0A1W5P0Y5
M9V1J0	A0A9E9P789
M9V1J0	A0A1X8VCC9
M9V1J0	A0A7I8HN59
M9V1J0	A0A3B8DIZ3
M9V1J0	A0A7T3NBD4
M9V1J0	A0A7T3TJM3
M9V1J0	K4F865
M9V1J0	A0A8T8L5Y9
M9V1J0	D9ICU5
M9V1J0	A0A6M3YM85
M9V1J0	Q56BF0
M9V1J0	A0A5P8PGN2
M9V1J0	A0A0K0QTF1
M9V1J0	M9V1J0
M9V1J0	A0A076YPP0
M9V1J0	A0A7T3N6C2
M9V1J0	A0A1W5N132
M9V1J0	A0A8E7KXP0
M9V1J0	A0A7I8HN59
M9V1J0	A0A7T3NBD4
M9V1J0	A0A1W5P0Y5
M9V1J0	A0A9E9P789
M9V1J0	A0A1X8VCC9
M9V1J0	D9ICU5
M9V1J0	A0A6M3YM85
M9V1J0	A0A5P8PGN2
M9V1J0	Q56BF0
M9V1J0	A0A7T3TJM3
M9V1J0	A0A0K0QTF1
M9V1J0	A0A3B8DIZ3
M9V1J0	M9V1J0
M9V1J0	A0A8T8L5Y9
M9V1J0	A0A7T3N6C2
M9V1J0	K4F865
M9V1J0	A0A076YPP0
M9V1J0	A0A6M3YM85
M9V1J0	A0A0K0QTF1
M9V1J0	Q56BF0
M9V1J0	D9ICU5
M9V1J0	A0A1W5P0Y5
M9V1J0	A0A1X8VCC9
M9V1J0	A0A9E9P789
M9V1J0	A0A7T3TJM3
M9V1J0	A0A8E7KXP0
M9V1J0	A0A1W5N132
M9V1J0	M9V1J0
M9V1J0	A0A7T3NBD4
M9V1J0	A0A7I8HN59
M9V1J0	A0A3B8DIZ3
M9V1J0	A0A7T3N6C2
M9V1J0	K4F865
M9V1J0	A0A5P8PGN2
M9V1J0	A0A8T8L5Y9
M9V1J0	A0A076YPP0
M9V1J0	D9ICU5
M9V1J0	A0A6M3YM85
M9V1J0	A0A5P8PGN2
M9V1J0	Q56BF0
M9V1J0	M9V1J0
M9V1J0	A0A0K0QTF1
M9V1J0	A0A1W5N132
M9V1J0	A0A9E9P789
M9V1J0	A0A8E7KXP0
M9V1J0	A0A7T3NBD4
M9V1J0	A0A7T3N6C2
M9V1J0	A0A1W5P0Y5
M9V1J0	A0A1X8VCC9
M9V1J0	A0A7I8HN59
M9V1J0	K4F865
M9V1J0	A0A3B8DIZ3
M9V1J0	A0A8T8L5Y9
M9V1J0	A0A7T3TJM3
M9V1J0	A0A076YPP0
M9V1J0	A0A1W5N132
M9V1J0	A0A1W5P0Y5
M9V1J0	D9ICU5
M9V1J0	A0A1X8VCC9
M9V1J0	A0A7T3NBD4
M9V1J0	A0A7I8HN59
M9V1J0	K4F865
M9V1J0	A0A8E7KXP0
M9V1J0	M9V1J0
M9V1J0	A0A7T3TJM3
M9V1J0	Q56BF0
M9V1J0	A0A8T8L5Y9
M9V1J0	A0A6M3YM85
M9V1J0	A0A9E9P789
M9V1J0	A0A0K0QTF1
M9V1J0	A0A7T3N6C2
M9V1J0	A0A3B8DIZ3
M9V1J0	A0A5P8PGN2
M9V1J0	A0A076YPP0
M9V1J0	M9V1J0
M9V1J0	D9ICU5
M9V1J0	A0A5P8PGN2
M9V1J0	Q56BF0
M9V1J0	A0A6M3YM85
M9V1J0	A0A1W5P0Y5
M9V1J0	A0A1X8VCC9
M9V1J0	A0A1W5N132
M9V1J0	A0A0K0QTF1
M9V1J0	A0A3B8DIZ3
M9V1J0	A0A7T3TJM3
M9V1J0	A0A9E9P789
M9V1J0	A0A7I8HN59
M9V1J0	A0A7T3NBD4
M9V1J0	A0A8E7KXP0
M9V1J0	A0A7T3N6C2
M9V1J0	K4F865
M9V1J0	A0A8T8L5Y9
M9V1J0	A0A076YPP0
M9V1J0	Q56BF0
M9V1J0	A0A6M3YM85
M9V1J0	D9ICU5
M9V1J0	A0A0K0QTF1
M9V1J0	M9V1J0
M9V1J0	A0A1W5P0Y5
M9V1J0	A0A1X8VCC9
M9V1J0	A0A5P8PGN2
M9V1J0	A0A9E9P789
M9V1J0	A0A1W5N132
M9V1J0	A0A7T3NBD4
M9V1J0	A0A7I8HN59
M9V1J0	A0A8E7KXP0
M9V1J0	A0A7T3TJM3
M9V1J0	A0A3B8DIZ3
M9V1J0	A0A7T3N6C2
M9V1J0	K4F865
M9V1J0	A0A8T8L5Y9
M9V1J0	A0A076YPP0
M9V1J0	A0A6M3YM85
M9V1J0	A0A0K0QTF1
M9V1J0	Q56BF0
M9V1J0	D9ICU5
M9V1J0	A0A1W5P0Y5
M9V1J0	A0A1X8VCC9
M9V1J0	A0A7T3TJM3
M9V1J0	A0A9E9P789
M9V1J0	M9V1J0
M9V1J0	A0A8E7KXP0
M9V1J0	A0A1W5N132
M9V1J0	A0A7T3NBD4
M9V1J0	A0A7I8HN59
M9V1J0	A0A3B8DIZ3
M9V1J0	K4F865
M9V1J0	A0A5P8PGN2
M9V1J0	A0A7T3N6C2
M9V1J0	A0A8T8L5Y9
M9V1J0	A0A076YPP0
M9V1J0	A0A1W5N132
M9V1J0	A0A1W5P0Y5
M9V1J0	A0A1X8VCC9
M9V1J0	A0A7I8HN59
M9V1J0	A0A8E7KXP0
M9V1J0	A0A9E9P789
M9V1J0	A0A7T3NBD4
M9V1J0	A0A7T3TJM3
M9V1J0	A0A6M3YM85
M9V1J0	A0A5P8PGN2
M9V1J0	A0A3B8DIZ3
M9V1J0	A0A0K0QTF1
M9V1J0	Q56BF0
M9V1J0	A0A8T8L5Y9
M9V1J0	M9V1J0
M9V1J0	D9ICU5
M9V1J0	K4F865
M9V1J0	A0A7T3N6C2
M9V1J0	A0A076YPP0
M9V1J0	A0A5P8PGN2
M9V1J0	M9V1J0
M9V1J0	A0A7T3TJM3
M9V1J0	A0A8E7KXP0
M9V1J0	A0A6M3YM85
M9V1J0	A0A1W5P0Y5
M9V1J0	A0A1X8VCC9
M9V1J0	A0A9E9P789
M9V1J0	A0A1W5N132
M9V1J0	D9ICU5
M9V1J0	A0A0K0QTF1
M9V1J0	Q56BF0
M9V1J0	A0A3B8DIZ3
M9V1J0	A0A7T3NBD4
M9V1J0	A0A7I8HN59
M9V1J0	K4F865
M9V1J0	A0A7T3N6C2
M9V1J0	A0A076YPP0
M9V1J0	A0A8T8L5Y9
M9V1J0	A0A6M3YM85
M9V1J0	D9ICU5
M9V1J0	A0A1W5P0Y5
M9V1J0	A0A0K0QTF1
M9V1J0	Q56BF0
M9V1J0	A0A1W5N132
M9V1J0	A0A1X8VCC9
M9V1J0	A0A9E9P789
M9V1J0	A0A8E7KXP0
M9V1J0	A0A7T3NBD4
M9V1J0	A0A7I8HN59
M9V1J0	A0A7T3TJM3
M9V1J0	A0A3B8DIZ3
M9V1J0	M9V1J0
M9V1J0	A0A5P8PGN2
M9V1J0	A0A8T8L5Y9
M9V1J0	A0A7T3N6C2
M9V1J0	A0A076YPP0
M9V1J0	K4F865
M9V1J0	A0A5P8PGN2
M9V1J0	A0A7T3TJM3
M9V1J0	M9V1J0
M9V1J0	A0A8E7KXP0
M9V1J0	K4F865
M9V1J0	A0A1W5P0Y5
M9V1J0	A0A1W5N132
M9V1J0	A0A1X8VCC9
M9V1J0	A0A9E9P789
M9V1J0	A0A7T3NBD4
M9V1J0	A0A7I8HN59
M9V1J0	A0A8T8L5Y9
M9V1J0	A0A6M3YM85
M9V1J0	A0A3B8DIZ3
M9V1J0	D9ICU5
M9V1J0	A0A0K0QTF1
M9V1J0	Q56BF0
M9V1J0	A0A7T3N6C2
M9V1J0	A0A076YPP0
M9V1J0	A0A6M3YM85
M9V1J0	Q56BF0
M9V1J0	A0A0K0QTF1
M9V1J0	D9ICU5
M9V1J0	A0A1W5P0Y5
M9V1J0	A0A1X8VCC9
M9V1J0	A0A5P8PGN2
M9V1J0	A0A9E9P789
M9V1J0	A0A8E7KXP0
M9V1J0	A0A1W5N132
M9V1J0	A0A3B8DIZ3
M9V1J0	A0A7T3TJM3
M9V1J0	A0A7T3NBD4
M9V1J0	A0A7I8HN59
M9V1J0	M9V1J0
M9V1J0	K4F865
M9V1J0	A0A8T8L5Y9
M9V1J0	A0A7T3N6C2
M9V1J0	A0A076YPP0
M9V1J0	D9ICU5
M9V1J0	A0A5P8PGN2
M9V1J0	M9V1J0
M9V1J0	A0A6M3YM85
M9V1J0	A0A1W5N132
M9V1J0	A0A9E9P789
M9V1J0	A0A8E7KXP0
M9V1J0	A0A7T3NBD4
M9V1J0	Q56BF0
M9V1J0	A0A1W5P0Y5
M9V1J0	A0A1X8VCC9
M9V1J0	A0A7I8HN59
M9V1J0	A0A0K0QTF1
M9V1J0	K4F865
M9V1J0	A0A3B8DIZ3
M9V1J0	A0A7T3N6C2
M9V1J0	A0A8T8L5Y9
M9V1J0	A0A7T3TJM3
M9V1J0	A0A076YPP0
M9V1J0	A0A1W5N132
M9V1J0	A0A8E7KXP0
M9V1J0	A0A7I8HN59
M9V1J0	A0A7T3NBD4
M9V1J0	A0A5P8PGN2
M9V1J0	A0A1W5P0Y5
M9V1J0	A0A9E9P789
M9V1J0	A0A1X8VCC9
M9V1J0	D9ICU5
M9V1J0	A0A6M3YM85
M9V1J0	A0A7T3TJM3
M9V1J0	M9V1J0
M9V1J0	Q56BF0
M9V1J0	A0A0K0QTF1
M9V1J0	A0A3B8DIZ3
M9V1J0	A0A8T8L5Y9
M9V1J0	K4F865
M9V1J0	A0A7T3N6C2
M9V1J0	A0A076YPP0
M9V1J0	A0A0K1LQT9
M9V1J0	A0A5B9NHU0
M9V1J0	A0A7R8MRI6
M9V1J0	A0A7T8ERA2
M9V1J0	A0A0K1LPU3
M9V1J0	A0A9E7LSD8
M9V1J0	A0A5B9N7M0
M9V1J0	D5JFQ5
M9V1J0	A0A8F3HMI8
M9V1J0	A0A5B9NHU0
M9V1J0	A0A0K1LQT9
M9V1J0	A0A7R8MRI6
M9V1J0	A0A0K1LPU3
M9V1J0	A0A9E7LSD8
M9V1J0	A0A5B9N7M0
M9V1J0	D5JFQ5
M9V1J0	A0A7T8ERA2
M9V1J0	A0A8F3HMI8
M9V1J0	A0A5B9NHU0
M9V1J0	A0A7R8MRI6
M9V1J0	A0A0K1LPU3
M9V1J0	A0A9E7LSD8
M9V1J0	D5JFQ5
M9V1J0	A0A5B9N7M0
M9V1J0	A0A7T8ERA2
M9V1J0	A0A8F3HMI8
M9V1J0	A0A0K1LQT9
M9V1J0	A0A5B9NHU0
M9V1J0	D5JFQ5
M9V1J0	A0A0K1LQT9
M9V1J0	A0A7R8MRI6
M9V1J0	A0A0K1LPU3
M9V1J0	A0A9E7LSD8
M9V1J0	A0A5B9N7M0
M9V1J0	A0A8F3HMI8
M9V1J0	A0A7T8ERA2
M9V1J0	A0A0K1LQT9
M9V1J0	A0A5B9NHU0
M9V1J0	A0A7R8MRI6
M9V1J0	A0A0K1LPU3
M9V1J0	A0A9E7LSD8
M9V1J0	D5JFQ5
M9V1J0	A0A8F3HMI8
M9V1J0	A0A5B9N7M0
M9V1J0	A0A7T8ERA2
M9V1J0	A0A5B9NHU0
M9V1J0	A0A0K1LQT9
M9V1J0	A0A7R8MRI6
M9V1J0	A0A5B9N7M0
M9V1J0	D5JFQ5
M9V1J0	A0A8F3HMI8
M9V1J0	A0A0K1LPU3
M9V1J0	A0A9E7LSD8
M9V1J0	A0A7T8ERA2
M9V1J0	A0A5B9NHU0
M9V1J0	A0A0K1LQT9
M9V1J0	A0A7R8MRI6
M9V1J0	A0A7T8ERA2
M9V1J0	A0A0K1LPU3
M9V1J0	A0A9E7LSD8
M9V1J0	D5JFQ5
M9V1J0	A0A5B9N7M0
M9V1J0	A0A8F3HMI8
M9V1J0	A0A5B9NHU0
M9V1J0	A0A0K1LQT9
M9V1J0	A0A7R8MRI6
M9V1J0	A0A0K1LPU3
M9V1J0	A0A9E7LSD8
M9V1J0	A0A5B9N7M0
M9V1J0	D5JFQ5
M9V1J0	A0A7T8ERA2
M9V1J0	A0A8F3HMI8
M9V1J0	A0A7R8MRI6
M9V1J0	A0A7T8ERA2
M9V1J0	A0A5B9N7M0
M9V1J0	D5JFQ5
M9V1J0	A0A5B9NHU0
M9V1J0	A0A0K1LQT9
M9V1J0	A0A0K1LPU3
M9V1J0	A0A9E7LSD8
M9V1J0	A0A8F3HMI8
M9V1J0	A0A8F3HMI8
M9V1J0	A0A5B9NHU0
M9V1J0	A0A0K1LQT9
M9V1J0	A0A7R8MRI6
M9V1J0	A0A0K1LPU3
M9V1J0	A0A9E7LSD8
M9V1J0	A0A5B9N7M0
M9V1J0	D5JFQ5
M9V1J0	A0A7T8ERA2
M9V1J0	A0A5B9NHU0
M9V1J0	A0A0K1LQT9
M9V1J0	A0A7R8MRI6
M9V1J0	A0A7T8ERA2
M9V1J0	A0A0K1LPU3
M9V1J0	A0A9E7LSD8
M9V1J0	A0A5B9N7M0
M9V1J0	D5JFQ5
M9V1J0	A0A8F3HMI8
M9V1J0	A0A5B9NHU0
M9V1J0	A0A0K1LQT9
M9V1J0	A0A7R8MRI6
M9V1J0	A0A7T8ERA2
M9V1J0	A0A0K1LPU3
M9V1J0	A0A9E7LSD8
M9V1J0	D5JFQ5
M9V1J0	A0A5B9N7M0
M9V1J0	A0A8F3HMI8
M9V1J0	A0A0K1LQT9
M9V1J0	A0A5B9NHU0
M9V1J0	A0A7R8MRI6
M9V1J0	A0A0K1LPU3
M9V1J0	A0A9E7LSD8
M9V1J0	D5JFQ5
M9V1J0	A0A8F3HMI8
M9V1J0	A0A5B9N7M0
M9V1J0	A0A7T8ERA2
M9V1J0	A0A5B9NHU0
M9V1J0	A0A7R8MRI6
M9V1J0	A0A0K1LPU3
M9V1J0	A0A9E7LSD8
M9V1J0	D5JFQ5
M9V1J0	A0A5B9N7M0
M9V1J0	A0A7T8ERA2
M9V1J0	A0A8F3HMI8
M9V1J0	A0A0K1LQT9
M9V1J0	A0A0K1LQT9
M9V1J0	A0A5B9NHU0
M9V1J0	A0A7R8MRI6
M9V1J0	A0A7T8ERA2
M9V1J0	A0A0K1LPU3
M9V1J0	A0A9E7LSD8
M9V1J0	A0A5B9N7M0
M9V1J0	D5JFQ5
M9V1J0	A0A8F3HMI8
M9V1J0	A0A5B9NHU0
M9V1J0	A0A0K1LQT9
M9V1J0	A0A7R8MRI6
M9V1J0	A0A7T8ERA2
M9V1J0	A0A0K1LPU3
M9V1J0	A0A9E7LSD8
M9V1J0	A0A8F3HMI8
M9V1J0	A0A5B9N7M0
M9V1J0	D5JFQ5
M9V1J0	A0A5B9NHU0
M9V1J0	A0A0K1LQT9
M9V1J0	A0A7R8MRI6
M9V1J0	A0A0K1LPU3
M9V1J0	A0A9E7LSD8
M9V1J0	A0A5B9N7M0
M9V1J0	A0A8F3HMI8
M9V1J0	A0A7T8ERA2
M9V1J0	D5JFQ5
M9V1J0	A0A0K1LQT9
M9V1J0	D5JFQ5
M9V1J0	A0A7R8MRI6
M9V1J0	A0A7T8ERA2
M9V1J0	A0A0K1LPU3
M9V1J0	A0A5B9NHU0
M9V1J0	A0A9E7LSD8
M9V1J0	A0A5B9N7M0
M9V1J0	A0A8F3HMI8
M9V1J0	A0A8F3HMI8
M9V1J0	A0A5B9NHU0
M9V1J0	A0A0K1LQT9
M9V1J0	A0A7R8MRI6
M9V1J0	A0A7T8ERA2
M9V1J0	A0A0K1LPU3
M9V1J0	A0A9E7LSD8
M9V1J0	A0A5B9N7M0
M9V1J0	D5JFQ5
M9V1J0	A0A0K1LQT9
M9V1J0	A0A5B9NHU0
M9V1J0	A0A8F3HMI8
M9V1J0	A0A7R8MRI6
M9V1J0	A0A0K1LPU3
M9V1J0	A0A9E7LSD8
M9V1J0	D5JFQ5
M9V1J0	A0A5B9N7M0
M9V1J0	A0A7T8ERA2
M9V1J0	A0A5B9NHU0
M9V1J0	A0A0K1LQT9
M9V1J0	A0A7R8MRI6
M9V1J0	A0A5B9N7M0
M9V1J0	A0A7T8ERA2
M9V1J0	D5JFQ5
M9V1J0	A0A0K1LPU3
M9V1J0	A0A9E7LSD8
M9V1J0	A0A8F3HMI8
M9V1J0	A0A5B9NHU0
M9V1J0	A0A0K1LQT9
M9V1J0	A0A7R8MRI6
M9V1J0	A0A0K1LPU3
M9V1J0	A0A9E7LSD8
M9V1J0	A0A5B9N7M0
M9V1J0	A0A8F3HMI8
M9V1J0	D5JFQ5
M9V1J0	A0A7T8ERA2
M9V1J0	A0A5B9NHU0
M9V1J0	A0A0K1LQT9
M9V1J0	A0A7R8MRI6
M9V1J0	A0A5B9N7M0
M9V1J0	D5JFQ5
M9V1J0	A0A8F3HMI8
M9V1J0	A0A0K1LPU3
M9V1J0	A0A9E7LSD8
M9V1J0	A0A7T8ERA2
M9V1J0	A0A5B9NHU0
M9V1J0	A0A0K1LQT9
M9V1J0	A0A7R8MRI6
M9V1J0	A0A7T8ERA2
M9V1J0	A0A0K1LPU3
M9V1J0	A0A9E7LSD8
M9V1J0	A0A8F3HMI8
M9V1J0	A0A5B9N7M0
M9V1J0	D5JFQ5
M9V1J0	A0A0K1LQT9
M9V1J0	A0A5B9NHU0
M9V1J0	D5JFQ5
M9V1J0	A0A7R8MRI6
M9V1J0	A0A5B9N7M0
M9V1J0	A0A7T8ERA2
M9V1J0	A0A0K1LPU3
M9V1J0	A0A9E7LSD8
M9V1J0	A0A8F3HMI8
M9V1J0	A0A5B9NHU0
M9V1J0	A0A0K1LQT9
M9V1J0	A0A7R8MRI6
M9V1J0	A0A7T8ERA2
M9V1J0	A0A0K1LPU3
M9V1J0	A0A9E7LSD8
M9V1J0	D5JFQ5
M9V1J0	A0A5B9N7M0
M9V1J0	A0A8F3HMI8
M9V1J0	A0A5B9NHU0
M9V1J0	A0A0K1LQT9
M9V1J0	A0A7R8MRI6
M9V1J0	A0A0K1LPU3
M9V1J0	A0A9E7LSD8
M9V1J0	D5JFQ5
M9V1J0	A0A8F3HMI8
M9V1J0	A0A5B9N7M0
M9V1J0	A0A7T8ERA2
M9V1J0	A0A0K1LQT9
M9V1J0	A0A5B9NHU0
M9V1J0	A0A7R8MRI6
M9V1J0	A0A7T8ERA2
M9V1J0	A0A0K1LPU3
M9V1J0	A0A9E7LSD8
M9V1J0	A0A5B9N7M0
M9V1J0	D5JFQ5
M9V1J0	A0A8F3HMI8
M9V1J0	A0A5B9NHU0
M9V1J0	A0A0K1LQT9
M9V1J0	A0A7R8MRI6
M9V1J0	A0A7T8ERA2
M9V1J0	A0A0K1LPU3
M9V1J0	A0A9E7LSD8
M9V1J0	D5JFQ5
M9V1J0	A0A5B9N7M0
M9V1J0	A0A8F3HMI8
M9V1J0	A0A0K1LQT9
M9V1J0	A0A8F3HMI8
M9V1J0	A0A5B9NHU0
M9V1J0	A0A7R8MRI6
M9V1J0	A0A9E7LSD8
M9V1J0	A0A0K1LPU3
M9V1J0	A0A5B9N7M0
M9V1J0	D5JFQ5
M9V1J0	A0A7T8ERA2
M9V1J0	D5JFQ5
M9V1J0	A0A0K1LQT9
M9V1J0	A0A7R8MRI6
M9V1J0	A0A7T8ERA2
M9V1J0	A0A0K1LPU3
M9V1J0	A0A9E7LSD8
M9V1J0	A0A5B9N7M0
M9V1J0	A0A5B9NHU0
M9V1J0	A0A8F3HMI8
M9V1J0	A0A514A7J4
M9V1J0	A0A514A7J4
M9V1J0	A0A514A7J4
M9V1J0	A0A514A7J4
M9V1J0	A0A514A7J4
M9V1J0	A0A514A7J4
M9V1J0	A0A514A7J4
M9V1J0	A0A514A7J4
M9V1J0	A0A514A7J4
M9V1J0	A0A514A7J4
M9V1J0	A0A514A7J4
M9V1J0	A0A514A7J4
M9V1J0	A0A514A7J4
M9V1J0	A0A514A7J4
M9V1J0	A0A514A7J4
M9V1J0	A0A514A7J4
M9V1J0	A0A514A7J4
M9V1J0	A0A514A7J4
M9V1J0	A0A514A7J4
M9V1J0	A0A514A7J4
M9V1J0	A0A514A7J4
M9V1J0	A0A514A7J4
M9V1J0	A0A514A7J4
M9V1J0	A0A514A7J4
M9V1J0	A0A514A7J4
M9V1J0	A0A514A7J4
M9V1J0	A0A514A7J4
M9V1J0	A0A514A7J4
M9V1J0	A0A514A7J4
M9V1J0	A0A514A7J4
M9V1J0	A0A514A7J4
M9V1J0	A0A1B1IXB0
M9V1J0	A0A1B1IXB0
M9V1J0	A0A1B1IXB0
M9V1J0	A0A1B1IXB0
M9V1J0	A0A1B1IXB0
M9V1J0	A0A1B1IXB0
M9V1J0	A0A1B1IXB0
M9V1J0	A0A1B1IXB0
M9V1J0	A0A1B1IXB0
M9V1J0	A0A1B1IXB0
M9V1J0	A0A1B1IXB0
M9V1J0	A0A1B1IXB0
M9V1J0	A0A1B1IXB0
M9V1J0	A0A1B1IXB0
M9V1J0	A0A1B1IXB0
M9V1J0	A0A1B1IXB0
M9V1J0	A0A1B1IXB0
M9V1J0	A0A1B1IXB0
M9V1J0	A0A1B1IXB0
M9V1J0	A0A1B1IXB0
M9V1J0	A0A1B1IXB0
M9V1J0	A0A1B1IXB0
M9V1J0	A0A1B1IXB0
M9V1J0	A0A1B1IXB0
M9V1J0	A0A1B1IXB0
M9V1J0	A0A1B1IXB0
M9V1J0	A0A1B1IXB0
M9V1J0	A0A1B1IXB0
M9V1J0	A0A1B1IXB0
M9V1J0	A0A1B1IXB0
M9V1J0	A0A1B1IXB0
A0A192Y9L9	A0A192Y9L9
A0A192Y9L9	A0A7U0J635
A0A192Y9L9	A0A7T7CKV3
A0A192Y9L9	A0A192Y9L9
A0A192Y9L9	A0A7U0J635
A0A192Y9L9	A0A7T7CKV3
A0A192Y9L9	A0A192Y9L9
A0A192Y9L9	A0A7U0J635
A0A192Y9L9	A0A7T7CKV3
A0A192Y9L9	A0A192Y9L9
A0A192Y9L9	A0A7U0J635
A0A192Y9L9	A0A7T7CKV3
A0A192Y9L9	A0A192Y9L9
A0A192Y9L9	A0A7U0J635
A0A192Y9L9	A0A7T7CKV3
A0A192Y9L9	A0A192Y9L9
A0A192Y9L9	A0A7U0J635
A0A192Y9L9	A0A7T7CKV3
A0A192Y9L9	A0A192Y9L9
A0A192Y9L9	A0A7U0J635
A0A192Y9L9	A0A7T7CKV3
A0A192Y9L9	A0A7U0J635
A0A192Y9L9	A0A7T7CKV3
A0A192Y9L9	A0A192Y9L9
A0A192Y9L9	A0A192Y9L9
A0A192Y9L9	A0A7T7CKV3
A0A192Y9L9	A0A7U0J635
A0A192Y9L9	A0A192Y9L9
A0A192Y9L9	A0A7U0J635
A0A192Y9L9	A0A7T7CKV3
A0A192Y9L9	A0A192Y9L9
A0A192Y9L9	A0A7U0J635
A0A192Y9L9	A0A7T7CKV3
A0A192Y9L9	A0A192Y9L9
A0A192Y9L9	A0A7U0J635
A0A192Y9L9	A0A7T7CKV3
A0A192Y9L9	A0A192Y9L9
A0A192Y9L9	A0A7U0J635
A0A192Y9L9	A0A7T7CKV3
A0A192Y9L9	A0A192Y9L9
A0A192Y9L9	A0A7U0J635
A0A192Y9L9	A0A7T7CKV3
A0A192Y9L9	A0A192Y9L9
A0A192Y9L9	A0A7U0J635
A0A192Y9L9	A0A7T7CKV3
A0A192Y9L9	A0A192Y9L9
A0A192Y9L9	A0A7U0J635
A0A192Y9L9	A0A7T7CKV3
A0A192Y9L9	A0A192Y9L9
A0A192Y9L9	A0A7U0J635
A0A192Y9L9	A0A7T7CKV3
A0A192Y9L9	A0A7T7CKV3
A0A192Y9L9	A0A192Y9L9
A0A192Y9L9	A0A7U0J635
A0A192Y9L9	A0A192Y9L9
A0A192Y9L9	A0A7U0J635
A0A192Y9L9	A0A7T7CKV3
A0A192Y9L9	A0A7T7CKV3
A0A192Y9L9	A0A7U0J635
A0A192Y9L9	A0A192Y9L9
A0A192Y9L9	A0A192Y9L9
A0A192Y9L9	A0A7U0J635
A0A192Y9L9	A0A7T7CKV3
A0A192Y9L9	A0A7U0J635
A0A192Y9L9	A0A192Y9L9
A0A192Y9L9	A0A7T7CKV3
A0A192Y9L9	A0A7U0J635
A0A192Y9L9	A0A7T7CKV3
A0A192Y9L9	A0A192Y9L9
A0A192Y9L9	A0A192Y9L9
A0A192Y9L9	A0A7U0J635
A0A192Y9L9	A0A7T7CKV3
A0A192Y9L9	A0A7U0J635
A0A192Y9L9	A0A7T7CKV3
A0A192Y9L9	A0A192Y9L9
A0A192Y9L9	A0A192Y9L9
A0A192Y9L9	A0A7U0J635
A0A192Y9L9	A0A7T7CKV3
A0A192Y9L9	A0A192Y9L9
A0A192Y9L9	A0A7U0J635
A0A192Y9L9	A0A7T7CKV3
A0A192Y9L9	A0A192Y9L9
A0A192Y9L9	A0A7U0J635
A0A192Y9L9	A0A7T7CKV3
A0A192Y9L9	A0A192Y9L9
A0A192Y9L9	A0A7U0J635
A0A192Y9L9	A0A7T7CKV3
A0A192Y9L9	A0A7T7CKV3
A0A192Y9L9	A0A7U0J635
A0A192Y9L9	A0A192Y9L9
A0A192Y9L9	A0A7T7CKV3
A0A192Y9L9	A0A192Y9L9
A0A192Y9L9	A0A7U0J635
E5EYD2	E5EYD2
E5EYD2	E5EYD2
E5EYD2	E5EYD2
E5EYD2	E5EYD2
E5EYD2	E5EYD2
E5EYD2	E5EYD2
E5EYD2	E5EYD2
E5EYD2	E5EYD2
E5EYD2	E5EYD2
E5EYD2	E5EYD2
E5EYD2	E5EYD2
E5EYD2	E5EYD2
E5EYD2	E5EYD2
E5EYD2	E5EYD2
E5EYD2	E5EYD2
E5EYD2	E5EYD2
E5EYD2	E5EYD2
E5EYD2	E5EYD2
E5EYD2	E5EYD2
E5EYD2	E5EYD2
E5EYD2	E5EYD2
E5EYD2	E5EYD2
E5EYD2	E5EYD2
E5EYD2	E5EYD2
E5EYD2	E5EYD2
E5EYD2	E5EYD2
E5EYD2	E5EYD2
E5EYD2	E5EYD2
E5EYD2	E5EYD2
E5EYD2	E5EYD2
E5EYD2	E5EYD2
A0A974MZ88	A0A974MZ88
A0A974MZ88	A0A974MZ88
A0A974MZ88	A0A974MZ88
A0A974MZ88	A0A974MZ88
A0A974MZ88	A0A974MZ88
A0A974MZ88	A0A974MZ88
A0A974MZ88	A0A974MZ88
A0A974MZ88	A0A974MZ88
A0A974MZ88	A0A974MZ88
A0A974MZ88	A0A974MZ88
A0A974MZ88	A0A974MZ88
A0A974MZ88	A0A974MZ88
A0A974MZ88	A0A974MZ88
A0A974MZ88	A0A974MZ88
A0A974MZ88	A0A974MZ88
A0A974MZ88	A0A974MZ88
A0A974MZ88	A0A974MZ88
A0A974MZ88	A0A974MZ88
A0A974MZ88	A0A974MZ88
A0A974MZ88	A0A974MZ88
A0A974MZ88	A0A974MZ88
A0A974MZ88	A0A974MZ88
A0A974MZ88	A0A974MZ88
A0A974MZ88	A0A974MZ88
A0A974MZ88	A0A974MZ88
A0A974MZ88	A0A974MZ88
A0A974MZ88	A0A974MZ88
A0A974MZ88	A0A974MZ88
A0A974MZ88	A0A974MZ88
A0A974MZ88	A0A974MZ88
A0A974MZ88	A0A974MZ88
A0A3Q9RA22	A0A3Q9RA22
A0A3Q9RA22	A0A873WLN0
A0A3Q9RA22	A0A0G2SSQ5
A0A3Q9RA22	A0A249XWR7
A0A3Q9RA22	A0A7U0J631
A0A3Q9RA22	A0A2I6PFF3
A0A3Q9RA22	A0A873WLN0
A0A3Q9RA22	A0A249XWR7
A0A3Q9RA22	A0A0G2SSQ5
A0A3Q9RA22	A0A7U0J631
A0A3Q9RA22	A0A3Q9RA22
A0A3Q9RA22	A0A2I6PFF3
A0A3Q9RA22	A0A873WLN0
A0A3Q9RA22	A0A0G2SSQ5
A0A3Q9RA22	A0A249XWR7
A0A3Q9RA22	A0A7U0J631
A0A3Q9RA22	A0A3Q9RA22
A0A3Q9RA22	A0A2I6PFF3
A0A3Q9RA22	A0A873WLN0
A0A3Q9RA22	A0A7U0J631
A0A3Q9RA22	A0A0G2SSQ5
A0A3Q9RA22	A0A249XWR7
A0A3Q9RA22	A0A3Q9RA22
A0A3Q9RA22	A0A2I6PFF3
A0A3Q9RA22	A0A0G2SSQ5
A0A3Q9RA22	A0A249XWR7
A0A3Q9RA22	A0A7U0J631
A0A3Q9RA22	A0A873WLN0
A0A3Q9RA22	A0A3Q9RA22
A0A3Q9RA22	A0A2I6PFF3
A0A3Q9RA22	A0A873WLN0
A0A3Q9RA22	A0A7U0J631
A0A3Q9RA22	A0A3Q9RA22
A0A3Q9RA22	A0A0G2SSQ5
A0A3Q9RA22	A0A249XWR7
A0A3Q9RA22	A0A2I6PFF3
A0A3Q9RA22	A0A873WLN0
A0A3Q9RA22	A0A3Q9RA22
A0A3Q9RA22	A0A2I6PFF3
A0A3Q9RA22	A0A0G2SSQ5
A0A3Q9RA22	A0A7U0J631
A0A3Q9RA22	A0A249XWR7
A0A3Q9RA22	A0A873WLN0
A0A3Q9RA22	A0A7U0J631
A0A3Q9RA22	A0A0G2SSQ5
A0A3Q9RA22	A0A249XWR7
A0A3Q9RA22	A0A3Q9RA22
A0A3Q9RA22	A0A2I6PFF3
A0A3Q9RA22	A0A873WLN0
A0A3Q9RA22	A0A0G2SSQ5
A0A3Q9RA22	A0A249XWR7
A0A3Q9RA22	A0A3Q9RA22
A0A3Q9RA22	A0A2I6PFF3
A0A3Q9RA22	A0A7U0J631
A0A3Q9RA22	A0A873WLN0
A0A3Q9RA22	A0A7U0J631
A0A3Q9RA22	A0A0G2SSQ5
A0A3Q9RA22	A0A249XWR7
A0A3Q9RA22	A0A3Q9RA22
A0A3Q9RA22	A0A2I6PFF3
A0A3Q9RA22	A0A873WLN0
A0A3Q9RA22	A0A0G2SSQ5
A0A3Q9RA22	A0A249XWR7
A0A3Q9RA22	A0A3Q9RA22
A0A3Q9RA22	A0A7U0J631
A0A3Q9RA22	A0A2I6PFF3
A0A3Q9RA22	A0A873WLN0
A0A3Q9RA22	A0A3Q9RA22
A0A3Q9RA22	A0A2I6PFF3
A0A3Q9RA22	A0A0G2SSQ5
A0A3Q9RA22	A0A249XWR7
A0A3Q9RA22	A0A7U0J631
A0A3Q9RA22	A0A0G2SSQ5
A0A3Q9RA22	A0A249XWR7
A0A3Q9RA22	A0A7U0J631
A0A3Q9RA22	A0A873WLN0
A0A3Q9RA22	A0A3Q9RA22
A0A3Q9RA22	A0A2I6PFF3
A0A3Q9RA22	A0A0G2SSQ5
A0A3Q9RA22	A0A249XWR7
A0A3Q9RA22	A0A873WLN0
A0A3Q9RA22	A0A3Q9RA22
A0A3Q9RA22	A0A2I6PFF3
A0A3Q9RA22	A0A7U0J631
A0A3Q9RA22	A0A873WLN0
A0A3Q9RA22	A0A7U0J631
A0A3Q9RA22	A0A0G2SSQ5
A0A3Q9RA22	A0A249XWR7
A0A3Q9RA22	A0A3Q9RA22
A0A3Q9RA22	A0A2I6PFF3
A0A3Q9RA22	A0A873WLN0
A0A3Q9RA22	A0A3Q9RA22
A0A3Q9RA22	A0A2I6PFF3
A0A3Q9RA22	A0A0G2SSQ5
A0A3Q9RA22	A0A249XWR7
A0A3Q9RA22	A0A7U0J631
A0A3Q9RA22	A0A873WLN0
A0A3Q9RA22	A0A0G2SSQ5
A0A3Q9RA22	A0A249XWR7
A0A3Q9RA22	A0A7U0J631
A0A3Q9RA22	A0A3Q9RA22
A0A3Q9RA22	A0A2I6PFF3
A0A3Q9RA22	A0A0G2SSQ5
A0A3Q9RA22	A0A249XWR7
A0A3Q9RA22	A0A7U0J631
A0A3Q9RA22	A0A873WLN0
A0A3Q9RA22	A0A3Q9RA22
A0A3Q9RA22	A0A2I6PFF3
A0A3Q9RA22	A0A873WLN0
A0A3Q9RA22	A0A3Q9RA22
A0A3Q9RA22	A0A0G2SSQ5
A0A3Q9RA22	A0A249XWR7
A0A3Q9RA22	A0A2I6PFF3
A0A3Q9RA22	A0A7U0J631
A0A3Q9RA22	A0A873WLN0
A0A3Q9RA22	A0A7U0J631
A0A3Q9RA22	A0A0G2SSQ5
A0A3Q9RA22	A0A249XWR7
A0A3Q9RA22	A0A3Q9RA22
A0A3Q9RA22	A0A2I6PFF3
A0A3Q9RA22	A0A873WLN0
A0A3Q9RA22	A0A7U0J631
A0A3Q9RA22	A0A0G2SSQ5
A0A3Q9RA22	A0A249XWR7
A0A3Q9RA22	A0A3Q9RA22
A0A3Q9RA22	A0A2I6PFF3
A0A3Q9RA22	A0A873WLN0
A0A3Q9RA22	A0A7U0J631
A0A3Q9RA22	A0A0G2SSQ5
A0A3Q9RA22	A0A249XWR7
A0A3Q9RA22	A0A3Q9RA22
A0A3Q9RA22	A0A2I6PFF3
A0A3Q9RA22	A0A873WLN0
A0A3Q9RA22	A0A7U0J631
A0A3Q9RA22	A0A3Q9RA22
A0A3Q9RA22	A0A2I6PFF3
A0A3Q9RA22	A0A0G2SSQ5
A0A3Q9RA22	A0A249XWR7
A0A3Q9RA22	A0A873WLN0
A0A3Q9RA22	A0A3Q9RA22
A0A3Q9RA22	A0A0G2SSQ5
A0A3Q9RA22	A0A7U0J631
A0A3Q9RA22	A0A249XWR7
A0A3Q9RA22	A0A2I6PFF3
A0A3Q9RA22	A0A873WLN0
A0A3Q9RA22	A0A7U0J631
A0A3Q9RA22	A0A0G2SSQ5
A0A3Q9RA22	A0A249XWR7
A0A3Q9RA22	A0A3Q9RA22
A0A3Q9RA22	A0A2I6PFF3
A0A3Q9RA22	A0A873WLN0
A0A3Q9RA22	A0A3Q9RA22
A0A3Q9RA22	A0A0G2SSQ5
A0A3Q9RA22	A0A2I6PFF3
A0A3Q9RA22	A0A249XWR7
A0A3Q9RA22	A0A7U0J631
A0A3Q9RA22	A0A0G2SSQ5
A0A3Q9RA22	A0A249XWR7
A0A3Q9RA22	A0A7U0J631
A0A3Q9RA22	A0A873WLN0
A0A3Q9RA22	A0A3Q9RA22
A0A3Q9RA22	A0A2I6PFF3
A0A3Q9RA22	A0A873WLN0
A0A3Q9RA22	A0A0G2SSQ5
A0A3Q9RA22	A0A249XWR7
A0A3Q9RA22	A0A7U0J631
A0A3Q9RA22	A0A3Q9RA22
A0A3Q9RA22	A0A2I6PFF3
A0A3Q9RA22	A0A873WLN0
A0A3Q9RA22	A0A3Q9RA22
A0A3Q9RA22	A0A2I6PFF3
A0A3Q9RA22	A0A0G2SSQ5
A0A3Q9RA22	A0A249XWR7
A0A3Q9RA22	A0A7U0J631
A0A3Q9RA22	A0A3Q9RA22
A0A3Q9RA22	A0A2I6PFF3
A0A3Q9RA22	A0A873WLN0
A0A3Q9RA22	A0A7U0J631
A0A3Q9RA22	A0A0G2SSQ5
A0A3Q9RA22	A0A249XWR7
A0A3Q9RA22	A0A0G2SSQ5
A0A3Q9RA22	A0A249XWR7
A0A3Q9RA22	A0A7U0J631
A0A3Q9RA22	A0A873WLN0
A0A3Q9RA22	A0A3Q9RA22
A0A3Q9RA22	A0A2I6PFF3
A0A2U7NJK2	A0A2U7NJK2
A0A2U7NJK2	A0A2U7NJK2
A0A2U7NJK2	A0A2U7NJK2
A0A2U7NJK2	A0A2U7NJK2
A0A2U7NJK2	A0A2U7NJK2
A0A2U7NJK2	A0A2U7NJK2
A0A2U7NJK2	A0A2U7NJK2
A0A2U7NJK2	A0A2U7NJK2
A0A2U7NJK2	A0A2U7NJK2
A0A2U7NJK2	A0A2U7NJK2
A0A2U7NJK2	A0A2U7NJK2
A0A2U7NJK2	A0A2U7NJK2
A0A2U7NJK2	A0A2U7NJK2
A0A2U7NJK2	A0A2U7NJK2
A0A2U7NJK2	A0A2U7NJK2
A0A2U7NJK2	A0A2U7NJK2
A0A2U7NJK2	A0A2U7NJK2
A0A2U7NJK2	A0A2U7NJK2
A0A2U7NJK2	A0A2U7NJK2
A0A2U7NJK2	A0A2U7NJK2
A0A2U7NJK2	A0A2U7NJK2
A0A2U7NJK2	A0A2U7NJK2
A0A2U7NJK2	A0A2U7NJK2
A0A2U7NJK2	A0A2U7NJK2
A0A2U7NJK2	A0A2U7NJK2
A0A2U7NJK2	A0A2U7NJK2
A0A2U7NJK2	A0A2U7NJK2
A0A2U7NJK2	A0A2U7NJK2
A0A2U7NJK2	A0A2U7NJK2
A0A2U7NJK2	A0A2U7NJK2
A0A2U7NJK2	A0A2U7NJK2
A0A060AN27	A0A060AN27
A0A060AN27	A0A060AN27
A0A060AN27	A0A060AN27
A0A060AN27	A0A060AN27
A0A060AN27	A0A060AN27
A0A060AN27	A0A060AN27
A0A060AN27	A0A060AN27
A0A060AN27	A0A060AN27
A0A060AN27	A0A060AN27
A0A060AN27	A0A060AN27
A0A060AN27	A0A060AN27
A0A060AN27	A0A060AN27
A0A060AN27	A0A060AN27
A0A060AN27	A0A060AN27
A0A060AN27	A0A060AN27
A0A060AN27	A0A060AN27
A0A060AN27	A0A060AN27
A0A060AN27	A0A060AN27
A0A060AN27	A0A060AN27
A0A060AN27	A0A060AN27
A0A060AN27	A0A060AN27
A0A060AN27	A0A060AN27
A0A060AN27	A0A060AN27
A0A060AN27	A0A060AN27
A0A060AN27	A0A060AN27
A0A060AN27	A0A060AN27
A0A060AN27	A0A060AN27
A0A060AN27	A0A060AN27
A0A060AN27	A0A060AN27
A0A060AN27	A0A060AN27
A0A060AN27	A0A060AN27
A0A6G5Y3K3	A0A6G5Y3K3
A0A6G5Y3K3	A0A6G5Y3K3
A0A6G5Y3K3	A0A6G5Y3K3
A0A6G5Y3K3	A0A6G5Y3K3
A0A6G5Y3K3	A0A6G5Y3K3
A0A6G5Y3K3	A0A6G5Y3K3
A0A6G5Y3K3	A0A6G5Y3K3
A0A6G5Y3K3	A0A6G5Y3K3
A0A6G5Y3K3	A0A6G5Y3K3
A0A6G5Y3K3	A0A6G5Y3K3
A0A6G5Y3K3	A0A6G5Y3K3
A0A6G5Y3K3	A0A6G5Y3K3
A0A6G5Y3K3	A0A6G5Y3K3
A0A6G5Y3K3	A0A6G5Y3K3
A0A6G5Y3K3	A0A6G5Y3K3
A0A6G5Y3K3	A0A6G5Y3K3
A0A6G5Y3K3	A0A6G5Y3K3
A0A6G5Y3K3	A0A6G5Y3K3
A0A6G5Y3K3	A0A6G5Y3K3
A0A6G5Y3K3	A0A6G5Y3K3
A0A6G5Y3K3	A0A6G5Y3K3
A0A6G5Y3K3	A0A6G5Y3K3
A0A6G5Y3K3	A0A6G5Y3K3
A0A6G5Y3K3	A0A6G5Y3K3
A0A6G5Y3K3	A0A6G5Y3K3
A0A6G5Y3K3	A0A6G5Y3K3
A0A6G5Y3K3	A0A6G5Y3K3
A0A6G5Y3K3	A0A6G5Y3K3
A0A6G5Y3K3	A0A6G5Y3K3
A0A6G5Y3K3	A0A6G5Y3K3
A0A6G5Y3K3	A0A6G5Y3K3
A0A7T5UG19	A0A7T5UG19
A0A7T5UG19	A0A411B8G3
A0A7T5UG19	I6WC32
A0A7T5UG19	I6WC32
A0A7T5UG19	A0A411B8G3
A0A7T5UG19	A0A7T5UG19
A0A7T5UG19	I6WC32
A0A7T5UG19	A0A411B8G3
A0A7T5UG19	A0A7T5UG19
A0A7T5UG19	I6WC32
A0A7T5UG19	A0A7T5UG19
A0A7T5UG19	A0A411B8G3
A0A7T5UG19	A0A411B8G3
A0A7T5UG19	A0A7T5UG19
A0A7T5UG19	I6WC32
A0A7T5UG19	A0A7T5UG19
A0A7T5UG19	A0A411B8G3
A0A7T5UG19	I6WC32
A0A7T5UG19	A0A7T5UG19
A0A7T5UG19	A0A411B8G3
A0A7T5UG19	I6WC32
A0A7T5UG19	A0A7T5UG19
A0A7T5UG19	I6WC32
A0A7T5UG19	A0A411B8G3
A0A7T5UG19	I6WC32
A0A7T5UG19	A0A411B8G3
A0A7T5UG19	A0A7T5UG19
A0A7T5UG19	A0A7T5UG19
A0A7T5UG19	I6WC32
A0A7T5UG19	A0A411B8G3
A0A7T5UG19	A0A7T5UG19
A0A7T5UG19	I6WC32
A0A7T5UG19	A0A411B8G3
A0A7T5UG19	A0A411B8G3
A0A7T5UG19	A0A7T5UG19
A0A7T5UG19	I6WC32
A0A7T5UG19	A0A411B8G3
A0A7T5UG19	A0A7T5UG19
A0A7T5UG19	I6WC32
A0A7T5UG19	I6WC32
A0A7T5UG19	A0A411B8G3
A0A7T5UG19	A0A7T5UG19
A0A7T5UG19	A0A7T5UG19
A0A7T5UG19	A0A411B8G3
A0A7T5UG19	I6WC32
A0A7T5UG19	A0A7T5UG19
A0A7T5UG19	I6WC32
A0A7T5UG19	A0A411B8G3
A0A7T5UG19	I6WC32
A0A7T5UG19	A0A411B8G3
A0A7T5UG19	A0A7T5UG19
A0A7T5UG19	A0A411B8G3
A0A7T5UG19	A0A7T5UG19
A0A7T5UG19	I6WC32
A0A7T5UG19	A0A7T5UG19
A0A7T5UG19	I6WC32
A0A7T5UG19	A0A411B8G3
A0A7T5UG19	A0A411B8G3
A0A7T5UG19	I6WC32
A0A7T5UG19	A0A7T5UG19
A0A7T5UG19	A0A7T5UG19
A0A7T5UG19	I6WC32
A0A7T5UG19	A0A411B8G3
A0A7T5UG19	A0A7T5UG19
A0A7T5UG19	I6WC32
A0A7T5UG19	A0A411B8G3
A0A7T5UG19	I6WC32
A0A7T5UG19	A0A7T5UG19
A0A7T5UG19	A0A411B8G3
A0A7T5UG19	A0A7T5UG19
A0A7T5UG19	I6WC32
A0A7T5UG19	A0A411B8G3
A0A7T5UG19	A0A7T5UG19
A0A7T5UG19	I6WC32
A0A7T5UG19	A0A411B8G3
A0A7T5UG19	A0A411B8G3
A0A7T5UG19	A0A7T5UG19
A0A7T5UG19	I6WC32
A0A7T5UG19	A0A411B8G3
A0A7T5UG19	A0A7T5UG19
A0A7T5UG19	I6WC32
A0A7T5UG19	A0A411B8G3
A0A7T5UG19	A0A7T5UG19
A0A7T5UG19	I6WC32
A0A7T5UG19	A0A7T5UG19
A0A7T5UG19	I6WC32
A0A7T5UG19	A0A411B8G3
A0A7T5UG19	I6WC32
A0A7T5UG19	A0A411B8G3
A0A7T5UG19	A0A7T5UG19
A0A7T5UG19	A0A411B8G3
A0A7T5UG19	I6WC32
A0A7T5UG19	A0A7T5UG19
A0A6M5CAT2	A0A6M5CAT2
A0A6M5CAT2	A0A7D5HVU0
A0A6M5CAT2	A0A7D5HVU0
A0A6M5CAT2	A0A6M5CAT2
A0A6M5CAT2	A0A7D5HVU0
A0A6M5CAT2	A0A6M5CAT2
A0A6M5CAT2	A0A7D5HVU0
A0A6M5CAT2	A0A6M5CAT2
A0A6M5CAT2	A0A6M5CAT2
A0A6M5CAT2	A0A7D5HVU0
A0A6M5CAT2	A0A7D5HVU0
A0A6M5CAT2	A0A6M5CAT2
A0A6M5CAT2	A0A6M5CAT2
A0A6M5CAT2	A0A7D5HVU0
A0A6M5CAT2	A0A7D5HVU0
A0A6M5CAT2	A0A6M5CAT2
A0A6M5CAT2	A0A7D5HVU0
A0A6M5CAT2	A0A6M5CAT2
A0A6M5CAT2	A0A7D5HVU0
A0A6M5CAT2	A0A6M5CAT2
A0A6M5CAT2	A0A6M5CAT2
A0A6M5CAT2	A0A7D5HVU0
A0A6M5CAT2	A0A6M5CAT2
A0A6M5CAT2	A0A7D5HVU0
A0A6M5CAT2	A0A6M5CAT2
A0A6M5CAT2	A0A7D5HVU0
A0A6M5CAT2	A0A7D5HVU0
A0A6M5CAT2	A0A6M5CAT2
A0A6M5CAT2	A0A6M5CAT2
A0A6M5CAT2	A0A7D5HVU0
A0A6M5CAT2	A0A6M5CAT2
A0A6M5CAT2	A0A7D5HVU0
A0A6M5CAT2	A0A6M5CAT2
A0A6M5CAT2	A0A7D5HVU0
A0A6M5CAT2	A0A7D5HVU0
A0A6M5CAT2	A0A6M5CAT2
A0A6M5CAT2	A0A6M5CAT2
A0A6M5CAT2	A0A7D5HVU0
A0A6M5CAT2	A0A7D5HVU0
A0A6M5CAT2	A0A6M5CAT2
A0A6M5CAT2	A0A6M5CAT2
A0A6M5CAT2	A0A7D5HVU0
A0A6M5CAT2	A0A7D5HVU0
A0A6M5CAT2	A0A6M5CAT2
A0A6M5CAT2	A0A6M5CAT2
A0A6M5CAT2	A0A7D5HVU0
A0A6M5CAT2	A0A6M5CAT2
A0A6M5CAT2	A0A7D5HVU0
A0A6M5CAT2	A0A7D5HVU0
A0A6M5CAT2	A0A6M5CAT2
A0A6M5CAT2	A0A6M5CAT2
A0A6M5CAT2	A0A7D5HVU0
A0A6M5CAT2	A0A6M5CAT2
A0A6M5CAT2	A0A7D5HVU0
A0A6M5CAT2	A0A6M5CAT2
A0A6M5CAT2	A0A7D5HVU0
A0A6M5CAT2	A0A6M5CAT2
A0A6M5CAT2	A0A7D5HVU0
A0A6M5CAT2	A0A7D5HVU0
A0A6M5CAT2	A0A6M5CAT2
A0A6M5CAT2	A0A7D5HVU0
A0A6M5CAT2	A0A6M5CAT2
A0A7S5SKD7	A0A7S5SKD7
A0A7S5SKD7	A0A7S5SKD7
A0A7S5SKD7	A0A7S5SKD7
A0A7S5SKD7	A0A7S5SKD7
A0A7S5SKD7	A0A7S5SKD7
A0A7S5SKD7	A0A7S5SKD7
A0A7S5SKD7	A0A7S5SKD7
A0A7S5SKD7	A0A7S5SKD7
A0A7S5SKD7	A0A7S5SKD7
A0A7S5SKD7	A0A7S5SKD7
A0A7S5SKD7	A0A7S5SKD7
A0A7S5SKD7	A0A7S5SKD7
A0A7S5SKD7	A0A7S5SKD7
A0A7S5SKD7	A0A7S5SKD7
A0A7S5SKD7	A0A7S5SKD7
A0A7S5SKD7	A0A7S5SKD7
A0A7S5SKD7	A0A7S5SKD7
A0A7S5SKD7	A0A7S5SKD7
A0A7S5SKD7	A0A7S5SKD7
A0A7S5SKD7	A0A7S5SKD7
A0A7S5SKD7	A0A7S5SKD7
A0A7S5SKD7	A0A7S5SKD7
A0A7S5SKD7	A0A7S5SKD7
A0A7S5SKD7	A0A7S5SKD7
A0A7S5SKD7	A0A7S5SKD7
A0A7S5SKD7	A0A7S5SKD7
A0A7S5SKD7	A0A7S5SKD7
A0A7S5SKD7	A0A7S5SKD7
A0A7S5SKD7	A0A7S5SKD7
A0A7S5SKD7	A0A7S5SKD7
A0A7S5SKD7	A0A7S5SKD7
A0A482JNV4	A0A482JNV4
A0A482JNV4	E3SEZ4
A0A482JNV4	A0A0A7HC84
A0A482JNV4	A0A7G5BBY8
A0A482JNV4	A0A8T8L7R9
A0A482JNV4	A0A858I164
A0A482JNV4	A0A7U3TBV1
A0A482JNV4	A0A7D7JVS8
A0A482JNV4	A0A0A7HCR3
A0A482JNV4	A0A0A7HDJ4
A0A482JNV4	G3MV27
A0A482JNV4	A0A2S1GRM2
A0A482JNV4	A0A7D5FKD4
A0A482JNV4	A0A7S9XCY9
A0A482JNV4	A0A410T524
A0A482JNV4	A0A172Q1X6
A0A482JNV4	D7RMI3
A0A482JNV4	C4MZR8
A0A482JNV4	A0A9E6Z7L2
A0A482JNV4	A0A2S1GNZ5
A0A482JNV4	A0A6H1Z6L5
A0A482JNV4	A0A0A7HFD8
A0A482JNV4	A0A8E7FNM7
A0A482JNV4	A0A3Q9R9G4
A0A482JNV4	A0A858I6B3
A0A482JNV4	Q5QBW9
A0A482JNV4	A0A0K1LKM2
A0A482JNV4	A0A6B9X7K4
A0A482JNV4	A0A6C6XZ44
A0A482JNV4	A0A411BEC1
A0A482JNV4	E5FIM7
A0A482JNV4	A0A8X8MAG4
A0A482JNV4	A0A482N1J6
A0A482JNV4	A0A2K9VFI1
A0A482JNV4	A0A173GAB8
A0A482JNV4	A0A7D5FQC6
A0A482JNV4	A0A097J6P2
A0A482JNV4	A0A449C513
A0A482JNV4	A0A7I8V1K4
A0A482JNV4	A0A1L7DRB6
A0A482JNV4	A0A482MYX5
A0A482JNV4	A0A9E7IQL0
A0A482JNV4	A0A9E7MZN6
A0A482JNV4	C3V1N6
A0A482JNV4	A0A4P8MVK0
A0A482JNV4	A0A2K9VN13
A0A482JNV4	A0A2K9VGH3
A0A482JNV4	A0A2U8QQB8
A0A482JNV4	A0A9E7C6K0
A0A482JNV4	A0A653G191
A0A482JNV4	A0A8X8M9V9
A0A482JNV4	A0A1J0GTD7
A0A482JNV4	A0A9E7NMS9
A0A482JNV4	A0A482GHM2
A0A482JNV4	A0A5B9MWN2
A0A482JNV4	D4Z9X6
A0A482JNV4	G1FH99
A0A482JNV4	A0A482GLL6
A0A482JNV4	A0A3B8E144
A0A482JNV4	A0A6G8R864
A0A482JNV4	A0A8X8RNP6
A0A482JNV4	A0A7S9XEW0
A0A482JNV4	A0A7I8LPR2
A0A482JNV4	A0A7L8ZH48
A0A482JNV4	A0A1W5LJ72
A0A482JNV4	A0A8X8RNH9
A0A482JNV4	A0A4Y6ED85
A0A482JNV4	A0A2Z5H4D1
A0A482JNV4	A0A8E7C0F2
A0A482JNV4	A0A193GZQ3
A0A482JNV4	A0A9E7LU10
A0A482JNV4	A0A8X8RJR1
A0A482JNV4	A0A5B9MX09
A0A482JNV4	A0A6B9LQV4
A0A482JNV4	A0A7T7GUI3
A0A482JNV4	A0A482GLD7
A0A482JNV4	A0A3G3MB24
A0A482JNV4	A0A6M3G8R9
A0A482JNV4	A0A482N343
A0A482JNV4	A0A482MXA2
A0A482JNV4	A0A8S4SMF2
A0A482JNV4	A0A291LDB1
A0A482JNV4	A0A384TCU4
A0A482JNV4	A0A097J5V3
A0A482JNV4	A0A023ZUF6
A0A482JNV4	A0A0M7QBN3
A0A482JNV4	A0A976SR71
A0A482JNV4	A0A6G8R9J2
A0A482JNV4	C3V2G3
A0A482JNV4	A0A2S1GQ37
A0A482JNV4	A0A6B9WH69
A0A482JNV4	A0A7D5JDQ1
A0A482JNV4	A0A449C612
A0A482JNV4	A0A9E8GC79
A0A482JNV4	A0A7M1IDR6
A0A482JNV4	A0A7S6HSK4
A0A482JNV4	A0A6B9WH84
A0A482JNV4	A0A482GD62
A0A482JNV4	P32277
A0A482JNV4	A0A455U0K4
A0A482JNV4	A0A6B9WG19
A0A482JNV4	I7K3T6
A0A482JNV4	A0A8T8IWA4
A0A482JNV4	A0A653G0G4
A0A482JNV4	A0A3G9GV30
A0A482JNV4	A0A5B9MYE6
A0A482JNV4	A0A449C3W3
A0A482JNV4	A0A097BX35
A0A482JNV4	A0A8X8MDA5
A0A482JNV4	A0A8X8M7J7
A0A482JNV4	A0A811AQN9
A0A482JNV4	A0A8X8RKY1
A0A482JNV4	A0A2Z5WKR4
A0A482JNV4	A0A3G3BZS3
A0A482JNV4	A0A2K9VFI1
A0A482JNV4	A0A449C513
A0A482JNV4	A0A7D5FQC6
A0A482JNV4	A0A7I8V1K4
A0A482JNV4	A0A482N1J6
A0A482JNV4	A0A2K9VGH3
A0A482JNV4	A0A2U8QQB8
A0A482JNV4	A0A1L7DRB6
A0A482JNV4	A0A8T8IWA4
A0A482JNV4	I7K3T6
A0A482JNV4	A0A173GAB8
A0A482JNV4	A0A482MYX5
A0A482JNV4	A0A097J6P2
A0A482JNV4	A0A482GLD7
A0A482JNV4	A0A8S4SMF2
A0A482JNV4	A0A6M3G8R9
A0A482JNV4	A0A976SR71
A0A482JNV4	A0A482MXA2
A0A482JNV4	A0A2K9VN13
A0A482JNV4	A0A9E7C6K0
A0A482JNV4	A0A6G8R9J2
A0A482JNV4	A0A8X8MAG4
A0A482JNV4	A0A9E7IQL0
A0A482JNV4	A0A653G191
A0A482JNV4	A0A384TCU4
A0A482JNV4	A0A0M7QBN3
A0A482JNV4	A0A9E8GC79
A0A482JNV4	A0A9E7MZN6
A0A482JNV4	C3V1N6
A0A482JNV4	A0A4P8MVK0
A0A482JNV4	E5FIM7
A0A482JNV4	A0A6B9WH69
A0A482JNV4	A0A6B9WG19
A0A482JNV4	A0A449C612
A0A482JNV4	A0A3B8E144
A0A482JNV4	A0A482N343
A0A482JNV4	A0A2S1GQ37
A0A482JNV4	A0A5B9MX09
A0A482JNV4	A0A7M1IDR6
A0A482JNV4	A0A2Z5H4D1
A0A482JNV4	A0A9E7LU10
A0A482JNV4	A0A9E7NMS9
A0A482JNV4	A0A8E7C0F2
A0A482JNV4	D4Z9X6
A0A482JNV4	A0A193GZQ3
A0A482JNV4	A0A482GLL6
A0A482JNV4	A0A8X8M9V9
A0A482JNV4	A0A6B9LQV4
A0A482JNV4	A0A1J0GTD7
A0A482JNV4	A0A5B9MWN2
A0A482JNV4	A0A449C3W3
A0A482JNV4	A0A5B9MYE6
A0A482JNV4	A0A291LDB1
A0A482JNV4	A0A7S9XEW0
A0A482JNV4	A0A7I8LPR2
A0A482JNV4	A0A7L8ZH48
A0A482JNV4	A0A8X8M7J7
A0A482JNV4	A0A482GHM2
A0A482JNV4	C3V2G3
A0A482JNV4	A0A8X8MDA5
A0A482JNV4	A0A8X8RJR1
A0A482JNV4	A0A653G0G4
A0A482JNV4	A0A8X8RNH9
A0A482JNV4	A0A097BX35
A0A482JNV4	A0A4Y6ED85
A0A482JNV4	A0A6G8R864
A0A482JNV4	A0A8X8RKY1
A0A482JNV4	A0A7D5JDQ1
A0A482JNV4	A0A8X8RNP6
A0A482JNV4	G1FH99
A0A482JNV4	A0A097J5V3
A0A482JNV4	A0A023ZUF6
A0A482JNV4	A0A7S6HSK4
A0A482JNV4	A0A1W5LJ72
A0A482JNV4	A0A3G3MB24
A0A482JNV4	A0A6B9WH84
A0A482JNV4	A0A482GD62
A0A482JNV4	A0A7T7GUI3
A0A482JNV4	P32277
A0A482JNV4	A0A3G9GV30
A0A482JNV4	A0A455U0K4
A0A482JNV4	A0A811AQN9
A0A482JNV4	A0A0K1LKM2
A0A482JNV4	A0A6B9X7K4
A0A482JNV4	A0A6C6XZ44
A0A482JNV4	A0A482JNV4
A0A482JNV4	A0A411BEC1
A0A482JNV4	A0A2Z5WKR4
A0A482JNV4	A0A0A7HCR3
A0A482JNV4	A0A0A7HFD8
A0A482JNV4	A0A2S1GRM2
A0A482JNV4	A0A7D5FKD4
A0A482JNV4	A0A172Q1X6
A0A482JNV4	G3MV27
A0A482JNV4	A0A7D7JVS8
A0A482JNV4	A0A9E6Z7L2
A0A482JNV4	A0A0A7HC84
A0A482JNV4	A0A410T524
A0A482JNV4	C4MZR8
A0A482JNV4	A0A8T8L7R9
A0A482JNV4	A0A3Q9R9G4
A0A482JNV4	A0A7S9XCY9
A0A482JNV4	A0A858I6B3
A0A482JNV4	A0A2S1GNZ5
A0A482JNV4	D7RMI3
A0A482JNV4	A0A0A7HDJ4
A0A482JNV4	A0A7U3TBV1
A0A482JNV4	A0A6H1Z6L5
A0A482JNV4	A0A8E7FNM7
A0A482JNV4	Q5QBW9
A0A482JNV4	A0A7G5BBY8
A0A482JNV4	A0A858I164
A0A482JNV4	E3SEZ4
A0A482JNV4	A0A3G3BZS3
A0A482JNV4	E5FIM7
A0A482JNV4	A0A7D5FQC6
A0A482JNV4	A0A2K9VFI1
A0A482JNV4	A0A7I8V1K4
A0A482JNV4	A0A449C513
A0A482JNV4	A0A482N1J6
A0A482JNV4	A0A173GAB8
A0A482JNV4	A0A5B9MYE6
A0A482JNV4	A0A2K9VGH3
A0A482JNV4	A0A2U8QQB8
A0A482JNV4	A0A1L7DRB6
A0A482JNV4	A0A482MYX5
A0A482JNV4	A0A9E7IQL0
A0A482JNV4	A0A097J6P2
A0A482JNV4	A0A9E7MZN6
A0A482JNV4	C3V1N6
A0A482JNV4	A0A2K9VN13
A0A482JNV4	A0A8X8MAG4
A0A482JNV4	A0A4P8MVK0
A0A482JNV4	A0A2S1GQ37
A0A482JNV4	A0A449C612
A0A482JNV4	A0A3B8E144
A0A482JNV4	A0A653G191
A0A482JNV4	A0A9E7C6K0
A0A482JNV4	A0A6M3G8R9
A0A482JNV4	A0A9E8GC79
A0A482JNV4	A0A482GLD7
A0A482JNV4	A0A2Z5H4D1
A0A482JNV4	A0A6G8R9J2
A0A482JNV4	A0A193GZQ3
A0A482JNV4	A0A653G0G4
A0A482JNV4	A0A6G8R864
A0A482JNV4	A0A1J0GTD7
A0A482JNV4	A0A8S4SMF2
A0A482JNV4	A0A976SR71
A0A482JNV4	A0A9E7LU10
A0A482JNV4	A0A482GHM2
A0A482JNV4	A0A5B9MX09
A0A482JNV4	A0A9E7NMS9
A0A482JNV4	A0A482MXA2
A0A482JNV4	A0A8X8M9V9
A0A482JNV4	A0A811AQN9
A0A482JNV4	A0A7M1IDR6
A0A482JNV4	A0A5B9MWN2
A0A482JNV4	A0A8E7C0F2
A0A482JNV4	A0A6B9WH84
A0A482JNV4	C3V2G3
A0A482JNV4	A0A291LDB1
A0A482JNV4	A0A6B9WH69
A0A482JNV4	A0A7S9XEW0
A0A482JNV4	A0A482GLL6
A0A482JNV4	I7K3T6
A0A482JNV4	A0A7I8LPR2
A0A482JNV4	A0A7L8ZH48
A0A482JNV4	A0A384TCU4
A0A482JNV4	A0A8T8IWA4
A0A482JNV4	D4Z9X6
A0A482JNV4	A0A8X8RNH9
A0A482JNV4	A0A097BX35
A0A482JNV4	A0A4Y6ED85
A0A482JNV4	A0A3G3MB24
A0A482JNV4	A0A8X8MDA5
A0A482JNV4	A0A8X8RJR1
A0A482JNV4	G1FH99
A0A482JNV4	A0A0M7QBN3
A0A482JNV4	A0A7D5JDQ1
A0A482JNV4	A0A097J5V3
A0A482JNV4	A0A023ZUF6
A0A482JNV4	A0A1W5LJ72
A0A482JNV4	A0A8X8RNP6
A0A482JNV4	A0A449C3W3
A0A482JNV4	A0A482N343
A0A482JNV4	A0A6B9WG19
A0A482JNV4	A0A6B9LQV4
A0A482JNV4	A0A7S6HSK4
A0A482JNV4	A0A482GD62
A0A482JNV4	A0A7T7GUI3
A0A482JNV4	P32277
A0A482JNV4	A0A8X8RKY1
A0A482JNV4	A0A3G9GV30
A0A482JNV4	A0A455U0K4
A0A482JNV4	A0A8X8M7J7
A0A482JNV4	A0A0K1LKM2
A0A482JNV4	A0A6B9X7K4
A0A482JNV4	A0A6C6XZ44
A0A482JNV4	A0A411BEC1
A0A482JNV4	A0A482JNV4
A0A482JNV4	C4MZR8
A0A482JNV4	A0A2S1GRM2
A0A482JNV4	A0A858I6B3
A0A482JNV4	A0A0A7HFD8
A0A482JNV4	G3MV27
A0A482JNV4	A0A7D5FKD4
A0A482JNV4	D7RMI3
A0A482JNV4	A0A8E7FNM7
A0A482JNV4	A0A9E6Z7L2
A0A482JNV4	A0A3Q9R9G4
A0A482JNV4	A0A7S9XCY9
A0A482JNV4	A0A410T524
A0A482JNV4	Q5QBW9
A0A482JNV4	A0A2S1GNZ5
A0A482JNV4	A0A6H1Z6L5
A0A482JNV4	A0A172Q1X6
A0A482JNV4	A0A0A7HDJ4
A0A482JNV4	A0A0A7HCR3
A0A482JNV4	A0A7U3TBV1
A0A482JNV4	A0A8T8L7R9
A0A482JNV4	A0A7D7JVS8
A0A482JNV4	E3SEZ4
A0A482JNV4	A0A0A7HC84
A0A482JNV4	A0A7G5BBY8
A0A482JNV4	A0A858I164
A0A482JNV4	A0A2Z5WKR4
A0A482JNV4	A0A3G3BZS3
A0A482JNV4	A0A2K9VFI1
A0A482JNV4	A0A449C513
A0A482JNV4	A0A7D5FQC6
A0A482JNV4	A0A7I8V1K4
A0A482JNV4	A0A482N1J6
A0A482JNV4	A0A2K9VGH3
A0A482JNV4	A0A2U8QQB8
A0A482JNV4	A0A1L7DRB6
A0A482JNV4	A0A173GAB8
A0A482JNV4	A0A482MYX5
A0A482JNV4	E5FIM7
A0A482JNV4	A0A0M7QBN3
A0A482JNV4	A0A976SR71
A0A482JNV4	A0A2K9VN13
A0A482JNV4	A0A097J6P2
A0A482JNV4	A0A7D5JDQ1
A0A482JNV4	A0A9E7IQL0
A0A482JNV4	A0A6B9WH69
A0A482JNV4	A0A9E7MZN6
A0A482JNV4	C3V1N6
A0A482JNV4	A0A653G191
A0A482JNV4	A0A384TCU4
A0A482JNV4	A0A482N343
A0A482JNV4	A0A8X8MAG4
A0A482JNV4	A0A4P8MVK0
A0A482JNV4	A0A2S1GQ37
A0A482JNV4	A0A6G8R9J2
A0A482JNV4	A0A3B8E144
A0A482JNV4	A0A9E7C6K0
A0A482JNV4	A0A8S4SMF2
A0A482JNV4	A0A6M3G8R9
A0A482JNV4	A0A482MXA2
A0A482JNV4	A0A6B9WG19
A0A482JNV4	A0A8X8M9V9
A0A482JNV4	A0A6B9LQV4
A0A482JNV4	I7K3T6
A0A482JNV4	A0A449C612
A0A482JNV4	A0A5B9MX09
A0A482JNV4	A0A2Z5H4D1
A0A482JNV4	A0A482GLL6
A0A482JNV4	A0A449C3W3
A0A482JNV4	A0A482GLD7
A0A482JNV4	A0A9E7NMS9
A0A482JNV4	D4Z9X6
A0A482JNV4	A0A193GZQ3
A0A482JNV4	A0A9E7LU10
A0A482JNV4	A0A9E8GC79
A0A482JNV4	A0A5B9MWN2
A0A482JNV4	A0A3G9GV30
A0A482JNV4	A0A291LDB1
A0A482JNV4	A0A7S9XEW0
A0A482JNV4	A0A7I8LPR2
A0A482JNV4	A0A7L8ZH48
A0A482JNV4	A0A8X8RNH9
A0A482JNV4	A0A482GHM2
A0A482JNV4	A0A4Y6ED85
A0A482JNV4	A0A7M1IDR6
A0A482JNV4	A0A8X8RKY1
A0A482JNV4	A0A8X8M7J7
A0A482JNV4	A0A1J0GTD7
A0A482JNV4	A0A8X8RNP6
A0A482JNV4	A0A097BX35
A0A482JNV4	C3V2G3
A0A482JNV4	A0A6G8R864
A0A482JNV4	A0A8T8IWA4
A0A482JNV4	A0A8X8RJR1
A0A482JNV4	A0A5B9MYE6
A0A482JNV4	G1FH99
A0A482JNV4	A0A097J5V3
A0A482JNV4	A0A023ZUF6
A0A482JNV4	A0A1W5LJ72
A0A482JNV4	A0A8X8MDA5
A0A482JNV4	A0A8E7C0F2
A0A482JNV4	A0A7T7GUI3
A0A482JNV4	A0A653G0G4
A0A482JNV4	A0A7S6HSK4
A0A482JNV4	A0A6B9WH84
A0A482JNV4	A0A482GD62
A0A482JNV4	P32277
A0A482JNV4	A0A455U0K4
A0A482JNV4	A0A3G3MB24
A0A482JNV4	A0A811AQN9
A0A482JNV4	A0A0K1LKM2
A0A482JNV4	A0A6B9X7K4
A0A482JNV4	A0A6C6XZ44
A0A482JNV4	A0A411BEC1
A0A482JNV4	A0A482JNV4
A0A482JNV4	A0A2Z5WKR4
A0A482JNV4	A0A7D7JVS8
A0A482JNV4	A0A0A7HDJ4
A0A482JNV4	A0A0A7HCR3
A0A482JNV4	A0A2S1GRM2
A0A482JNV4	A0A8T8L7R9
A0A482JNV4	C4MZR8
A0A482JNV4	G3MV27
A0A482JNV4	A0A9E6Z7L2
A0A482JNV4	A0A2S1GNZ5
A0A482JNV4	A0A0A7HFD8
A0A482JNV4	A0A7D5FKD4
A0A482JNV4	A0A3Q9R9G4
A0A482JNV4	A0A172Q1X6
A0A482JNV4	A0A6H1Z6L5
A0A482JNV4	A0A858I6B3
A0A482JNV4	A0A7U3TBV1
A0A482JNV4	A0A0A7HC84
A0A482JNV4	A0A8E7FNM7
A0A482JNV4	A0A7S9XCY9
A0A482JNV4	D7RMI3
A0A482JNV4	Q5QBW9
A0A482JNV4	A0A410T524
A0A482JNV4	A0A7G5BBY8
A0A482JNV4	E3SEZ4
A0A482JNV4	A0A858I164
A0A482JNV4	A0A3G3BZS3
A0A482JNV4	A0A7D5FQC6
A0A482JNV4	A0A2K9VFI1
A0A482JNV4	A0A7I8V1K4
A0A482JNV4	A0A2U8QQB8
A0A482JNV4	A0A449C513
A0A482JNV4	A0A2K9VGH3
A0A482JNV4	A0A482N1J6
A0A482JNV4	A0A173GAB8
A0A482JNV4	A0A1L7DRB6
A0A482JNV4	A0A8X8MAG4
A0A482JNV4	A0A7D5JDQ1
A0A482JNV4	A0A482MYX5
A0A482JNV4	A0A9E7IQL0
A0A482JNV4	A0A097J6P2
A0A482JNV4	A0A9E7MZN6
A0A482JNV4	C3V1N6
A0A482JNV4	A0A3B8E144
A0A482JNV4	A0A2K9VN13
A0A482JNV4	A0A482GHM2
A0A482JNV4	A0A4P8MVK0
A0A482JNV4	A0A1J0GTD7
A0A482JNV4	A0A2Z5H4D1
A0A482JNV4	A0A0M7QBN3
A0A482JNV4	A0A976SR71
A0A482JNV4	A0A6B9LQV4
A0A482JNV4	A0A653G191
A0A482JNV4	A0A9E7C6K0
A0A482JNV4	A0A193GZQ3
A0A482JNV4	A0A6M3G8R9
A0A482JNV4	A0A9E7LU10
A0A482JNV4	A0A6B9WG19
A0A482JNV4	A0A482GLD7
A0A482JNV4	A0A5B9MX09
A0A482JNV4	A0A9E7NMS9
A0A482JNV4	A0A6B9WH69
A0A482JNV4	A0A8X8M9V9
A0A482JNV4	A0A6G8R864
A0A482JNV4	A0A3G3MB24
A0A482JNV4	A0A5B9MWN2
A0A482JNV4	A0A384TCU4
A0A482JNV4	A0A482N343
A0A482JNV4	I7K3T6
A0A482JNV4	A0A9E8GC79
A0A482JNV4	A0A8X8RNP6
A0A482JNV4	A0A8S4SMF2
A0A482JNV4	D4Z9X6
A0A482JNV4	A0A6G8R9J2
A0A482JNV4	A0A7S9XEW0
A0A482JNV4	A0A7I8LPR2
A0A482JNV4	A0A7L8ZH48
A0A482JNV4	A0A482MXA2
A0A482JNV4	A0A8X8RJR1
A0A482JNV4	A0A7M1IDR6
A0A482JNV4	A0A482GLL6
A0A482JNV4	A0A8X8RNH9
A0A482JNV4	A0A4Y6ED85
A0A482JNV4	A0A291LDB1
A0A482JNV4	G1FH99
A0A482JNV4	A0A8T8IWA4
A0A482JNV4	A0A7S6HSK4
A0A482JNV4	A0A8X8M7J7
A0A482JNV4	A0A449C3W3
A0A482JNV4	C3V2G3
A0A482JNV4	A0A5B9MYE6
A0A482JNV4	A0A097J5V3
A0A482JNV4	A0A023ZUF6
A0A482JNV4	A0A1W5LJ72
A0A482JNV4	A0A449C612
A0A482JNV4	A0A8E7C0F2
A0A482JNV4	A0A8X8MDA5
A0A482JNV4	A0A2S1GQ37
A0A482JNV4	A0A8X8RKY1
A0A482JNV4	A0A6B9WH84
A0A482JNV4	A0A482GD62
A0A482JNV4	A0A7T7GUI3
A0A482JNV4	P32277
A0A482JNV4	A0A3G9GV30
A0A482JNV4	A0A455U0K4
A0A482JNV4	A0A097BX35
A0A482JNV4	A0A653G0G4
A0A482JNV4	A0A811AQN9
A0A482JNV4	E5FIM7
A0A482JNV4	A0A6B9X7K4
A0A482JNV4	A0A6C6XZ44
A0A482JNV4	A0A0K1LKM2
A0A482JNV4	A0A411BEC1
A0A482JNV4	A0A482JNV4
A0A482JNV4	A0A2Z5WKR4
A0A482JNV4	A0A3Q9R9G4
A0A482JNV4	A0A8E7FNM7
A0A482JNV4	A0A0A7HCR3
A0A482JNV4	A0A2S1GRM2
A0A482JNV4	A0A2S1GNZ5
A0A482JNV4	C4MZR8
A0A482JNV4	A0A172Q1X6
A0A482JNV4	A0A9E6Z7L2
A0A482JNV4	A0A3G3BZS3
A0A482JNV4	G3MV27
A0A482JNV4	A0A6H1Z6L5
A0A482JNV4	A0A7D5FKD4
A0A482JNV4	A0A0A7HFD8
A0A482JNV4	A0A410T524
A0A482JNV4	A0A858I6B3
A0A482JNV4	A0A7S9XCY9
A0A482JNV4	A0A7D7JVS8
A0A482JNV4	A0A8T8L7R9
A0A482JNV4	Q5QBW9
A0A482JNV4	A0A0A7HDJ4
A0A482JNV4	A0A0A7HC84
A0A482JNV4	D7RMI3
A0A482JNV4	A0A7G5BBY8
A0A482JNV4	E3SEZ4
A0A482JNV4	A0A7U3TBV1
A0A482JNV4	A0A858I164
A0A482JNV4	E5FIM7
A0A482JNV4	A0A5B9MX09
A0A482JNV4	A0A8S4SMF2
A0A482JNV4	A0A6M3G8R9
A0A482JNV4	A0A8X8MAG4
A0A482JNV4	A0A7D5JDQ1
A0A482JNV4	A0A2K9VFI1
A0A482JNV4	A0A173GAB8
A0A482JNV4	A0A193GZQ3
A0A482JNV4	A0A6G8R9J2
A0A482JNV4	A0A2U8QQB8
A0A482JNV4	A0A9E8GC79
A0A482JNV4	A0A449C513
A0A482JNV4	A0A7D5FQC6
A0A482JNV4	A0A7S9XEW0
A0A482JNV4	A0A482GLD7
A0A482JNV4	A0A482MXA2
A0A482JNV4	A0A6B9LQV4
A0A482JNV4	A0A7I8V1K4
A0A482JNV4	A0A7I8LPR2
A0A482JNV4	A0A7L8ZH48
A0A482JNV4	A0A1W5LJ72
A0A482JNV4	A0A482MYX5
A0A482JNV4	A0A9E7IQL0
A0A482JNV4	A0A7M1IDR6
A0A482JNV4	A0A976SR71
A0A482JNV4	C3V2G3
A0A482JNV4	A0A4Y6ED85
A0A482JNV4	A0A9E7MZN6
A0A482JNV4	C3V1N6
A0A482JNV4	A0A4P8MVK0
A0A482JNV4	A0A9E7C6K0
A0A482JNV4	A0A482N1J6
A0A482JNV4	A0A1J0GTD7
A0A482JNV4	A0A2K9VGH3
A0A482JNV4	A0A384TCU4
A0A482JNV4	A0A8T8IWA4
A0A482JNV4	A0A0M7QBN3
A0A482JNV4	A0A2S1GQ37
A0A482JNV4	A0A449C612
A0A482JNV4	A0A1L7DRB6
A0A482JNV4	A0A3B8E144
A0A482JNV4	A0A5B9MYE6
A0A482JNV4	A0A653G191
A0A482JNV4	A0A023ZUF6
A0A482JNV4	A0A6B9WH69
A0A482JNV4	A0A097J6P2
A0A482JNV4	A0A097BX35
A0A482JNV4	A0A2Z5H4D1
A0A482JNV4	A0A482N343
A0A482JNV4	A0A7S6HSK4
A0A482JNV4	A0A8X8MDA5
A0A482JNV4	A0A482GHM2
A0A482JNV4	A0A9E7NMS9
A0A482JNV4	D4Z9X6
A0A482JNV4	A0A653G0G4
A0A482JNV4	A0A8X8RJR1
A0A482JNV4	A0A8X8RNP6
A0A482JNV4	A0A5B9MWN2
A0A482JNV4	G1FH99
A0A482JNV4	A0A2K9VN13
A0A482JNV4	A0A6B9WG19
A0A482JNV4	I7K3T6
A0A482JNV4	A0A6B9WH84
A0A482JNV4	A0A482GD62
A0A482JNV4	A0A7T7GUI3
A0A482JNV4	P32277
A0A482JNV4	A0A482GLL6
A0A482JNV4	A0A449C3W3
A0A482JNV4	A0A291LDB1
A0A482JNV4	A0A8E7C0F2
A0A482JNV4	A0A9E7LU10
A0A482JNV4	A0A8X8RNH9
A0A482JNV4	A0A6G8R864
A0A482JNV4	A0A8X8M9V9
A0A482JNV4	A0A8X8M7J7
A0A482JNV4	A0A8X8RKY1
A0A482JNV4	A0A097J5V3
A0A482JNV4	A0A6B9X7K4
A0A482JNV4	A0A3G3MB24
A0A482JNV4	A0A482JNV4
A0A482JNV4	A0A3G9GV30
A0A482JNV4	A0A455U0K4
A0A482JNV4	A0A6C6XZ44
A0A482JNV4	A0A0K1LKM2
A0A482JNV4	A0A811AQN9
A0A482JNV4	A0A411BEC1
A0A482JNV4	A0A0A7HFD8
A0A482JNV4	C4MZR8
A0A482JNV4	A0A9E6Z7L2
A0A482JNV4	A0A3Q9R9G4
A0A482JNV4	A0A858I6B3
A0A482JNV4	A0A2S1GNZ5
A0A482JNV4	A0A2S1GRM2
A0A482JNV4	A0A172Q1X6
A0A482JNV4	G3MV27
A0A482JNV4	A0A7D5FKD4
A0A482JNV4	A0A8E7FNM7
A0A482JNV4	A0A6H1Z6L5
A0A482JNV4	A0A7S9XCY9
A0A482JNV4	Q5QBW9
A0A482JNV4	A0A0A7HCR3
A0A482JNV4	A0A410T524
A0A482JNV4	D7RMI3
A0A482JNV4	A0A7D7JVS8
A0A482JNV4	A0A8T8L7R9
A0A482JNV4	A0A0A7HC84
A0A482JNV4	A0A0A7HDJ4
A0A482JNV4	A0A7U3TBV1
A0A482JNV4	A0A7G5BBY8
A0A482JNV4	E3SEZ4
A0A482JNV4	A0A858I164
A0A482JNV4	A0A2Z5WKR4
A0A482JNV4	A0A3G3BZS3
A0A482JNV4	A0A0A7HFD8
A0A482JNV4	C4MZR8
A0A482JNV4	A0A9E6Z7L2
A0A482JNV4	A0A858I6B3
A0A482JNV4	A0A6H1Z6L5
A0A482JNV4	A0A8E7FNM7
A0A482JNV4	A0A2S1GNZ5
A0A482JNV4	G3MV27
A0A482JNV4	A0A7D5FKD4
A0A482JNV4	A0A2S1GRM2
A0A482JNV4	A0A3Q9R9G4
A0A482JNV4	A0A172Q1X6
A0A482JNV4	Q5QBW9
A0A482JNV4	D7RMI3
A0A482JNV4	A0A7S9XCY9
A0A482JNV4	A0A410T524
A0A482JNV4	A0A0A7HDJ4
A0A482JNV4	A0A8T8L7R9
A0A482JNV4	A0A7D7JVS8
A0A482JNV4	A0A0A7HC84
A0A482JNV4	A0A7U3TBV1
A0A482JNV4	A0A0A7HCR3
A0A482JNV4	A0A7G5BBY8
A0A482JNV4	A0A858I164
A0A482JNV4	E3SEZ4
A0A482JNV4	A0A6B9X7K4
A0A482JNV4	A0A6C6XZ44
A0A482JNV4	A0A0K1LKM2
A0A482JNV4	A0A482JNV4
A0A482JNV4	A0A411BEC1
A0A482JNV4	E5FIM7
A0A482JNV4	A0A2K9VFI1
A0A482JNV4	A0A8X8MAG4
A0A482JNV4	A0A482N1J6
A0A482JNV4	A0A173GAB8
A0A482JNV4	A0A449C513
A0A482JNV4	A0A2K9VGH3
A0A482JNV4	A0A482MYX5
A0A482JNV4	A0A1L7DRB6
A0A482JNV4	A0A7D5FQC6
A0A482JNV4	A0A2K9VN13
A0A482JNV4	A0A7I8V1K4
A0A482JNV4	A0A9E7IQL0
A0A482JNV4	A0A384TCU4
A0A482JNV4	A0A097J6P2
A0A482JNV4	A0A2U8QQB8
A0A482JNV4	A0A9E7MZN6
A0A482JNV4	C3V1N6
A0A482JNV4	A0A4P8MVK0
A0A482JNV4	A0A653G191
A0A482JNV4	A0A9E7C6K0
A0A482JNV4	A0A482N343
A0A482JNV4	A0A9E7NMS9
A0A482JNV4	A0A8X8M9V9
A0A482JNV4	A0A9E8GC79
A0A482JNV4	A0A5B9MWN2
A0A482JNV4	D4Z9X6
A0A482JNV4	A0A6G8R864
A0A482JNV4	A0A976SR71
A0A482JNV4	A0A7S9XEW0
A0A482JNV4	A0A7I8LPR2
A0A482JNV4	A0A7L8ZH48
A0A482JNV4	A0A482GHM2
A0A482JNV4	A0A1J0GTD7
A0A482JNV4	A0A9E7LU10
A0A482JNV4	A0A449C612
A0A482JNV4	A0A8X8RJR1
A0A482JNV4	A0A0M7QBN3
A0A482JNV4	A0A482GLL6
A0A482JNV4	A0A8X8RNH9
A0A482JNV4	A0A4Y6ED85
A0A482JNV4	A0A3B8E144
A0A482JNV4	A0A5B9MX09
A0A482JNV4	A0A3G3MB24
A0A482JNV4	A0A8S4SMF2
A0A482JNV4	A0A8E7C0F2
A0A482JNV4	A0A6B9WH69
A0A482JNV4	A0A291LDB1
A0A482JNV4	A0A2Z5H4D1
A0A482JNV4	A0A6M3G8R9
A0A482JNV4	G1FH99
A0A482JNV4	A0A193GZQ3
A0A482JNV4	A0A482MXA2
A0A482JNV4	A0A6G8R9J2
A0A482JNV4	A0A7T7GUI3
A0A482JNV4	A0A097J5V3
A0A482JNV4	A0A023ZUF6
A0A482JNV4	A0A1W5LJ72
A0A482JNV4	A0A482GLD7
A0A482JNV4	A0A6B9WG19
A0A482JNV4	A0A6B9LQV4
A0A482JNV4	I7K3T6
A0A482JNV4	A0A7D5JDQ1
A0A482JNV4	A0A653G0G4
A0A482JNV4	A0A449C3W3
A0A482JNV4	C3V2G3
A0A482JNV4	A0A7S6HSK4
A0A482JNV4	A0A8X8RKY1
A0A482JNV4	A0A6B9WH84
A0A482JNV4	A0A482GD62
A0A482JNV4	P32277
A0A482JNV4	A0A7M1IDR6
A0A482JNV4	A0A2S1GQ37
A0A482JNV4	A0A8X8M7J7
A0A482JNV4	A0A3G9GV30
A0A482JNV4	A0A455U0K4
A0A482JNV4	A0A8X8RNP6
A0A482JNV4	A0A8T8IWA4
A0A482JNV4	A0A097BX35
A0A482JNV4	A0A5B9MYE6
A0A482JNV4	A0A811AQN9
A0A482JNV4	A0A8X8MDA5
A0A482JNV4	A0A2Z5WKR4
A0A482JNV4	A0A3G3BZS3
A0A482JNV4	E5FIM7
A0A482JNV4	A0A7M1IDR6
A0A482JNV4	A0A8T8IWA4
A0A482JNV4	A0A411BEC1
A0A482JNV4	A0A1J0GTD7
A0A482JNV4	A0A0K1LKM2
A0A482JNV4	A0A193GZQ3
A0A482JNV4	A0A8X8MAG4
A0A482JNV4	A0A5B9MYE6
A0A482JNV4	A0A2K9VN13
A0A482JNV4	A0A5B9MX09
A0A482JNV4	A0A6M3G8R9
A0A482JNV4	A0A7D5FQC6
A0A482JNV4	A0A482MXA2
A0A482JNV4	A0A2S1GQ37
A0A482JNV4	A0A6B9X7K4
A0A482JNV4	A0A173GAB8
A0A482JNV4	A0A2K9VFI1
A0A482JNV4	A0A7I8V1K4
A0A482JNV4	A0A482GLD7
A0A482JNV4	A0A7S9XEW0
A0A482JNV4	A0A6B9WH84
A0A482JNV4	A0A2U8QQB8
A0A482JNV4	A0A449C513
A0A482JNV4	A0A8S4SMF2
A0A482JNV4	A0A7I8LPR2
A0A482JNV4	A0A7L8ZH48
A0A482JNV4	A0A1W5LJ72
A0A482JNV4	A0A6C6XZ44
A0A482JNV4	A0A097J6P2
A0A482JNV4	A0A482MYX5
A0A482JNV4	A0A9E7IQL0
A0A482JNV4	C3V2G3
A0A482JNV4	A0A7D5JDQ1
A0A482JNV4	A0A4Y6ED85
A0A482JNV4	A0A9E7MZN6
A0A482JNV4	C3V1N6
A0A482JNV4	A0A3B8E144
A0A482JNV4	A0A4P8MVK0
A0A482JNV4	A0A482N1J6
A0A482JNV4	A0A6G8R9J2
A0A482JNV4	A0A9E8GC79
A0A482JNV4	A0A2Z5H4D1
A0A482JNV4	A0A2K9VGH3
A0A482JNV4	A0A653G191
A0A482JNV4	A0A9E7C6K0
A0A482JNV4	A0A023ZUF6
A0A482JNV4	A0A9E7LU10
A0A482JNV4	A0A7T7GUI3
A0A482JNV4	A0A1L7DRB6
A0A482JNV4	A0A976SR71
A0A482JNV4	A0A7S6HSK4
A0A482JNV4	A0A3G3MB24
A0A482JNV4	A0A9E7NMS9
A0A482JNV4	A0A8X8MDA5
A0A482JNV4	A0A449C612
A0A482JNV4	A0A8X8RJR1
A0A482JNV4	A0A5B9MWN2
A0A482JNV4	D4Z9X6
A0A482JNV4	G1FH99
A0A482JNV4	A0A482GD62
A0A482JNV4	P32277
A0A482JNV4	A0A3G9GV30
A0A482JNV4	A0A291LDB1
A0A482JNV4	A0A6B9WH69
A0A482JNV4	A0A482JNV4
A0A482JNV4	A0A384TCU4
A0A482JNV4	A0A6B9LQV4
A0A482JNV4	A0A811AQN9
A0A482JNV4	A0A482GHM2
A0A482JNV4	A0A8X8RNP6
A0A482JNV4	A0A482GLL6
A0A482JNV4	A0A8X8RNH9
A0A482JNV4	A0A6G8R864
A0A482JNV4	A0A8X8M9V9
A0A482JNV4	A0A0M7QBN3
A0A482JNV4	A0A097J5V3
A0A482JNV4	A0A6B9WG19
A0A482JNV4	A0A8E7C0F2
A0A482JNV4	A0A449C3W3
A0A482JNV4	A0A097BX35
A0A482JNV4	A0A482N343
A0A482JNV4	A0A653G0G4
A0A482JNV4	I7K3T6
A0A482JNV4	A0A8X8RKY1
A0A482JNV4	A0A8X8M7J7
A0A482JNV4	A0A455U0K4
A0A482JNV4	A0A7S9XCY9
A0A482JNV4	C4MZR8
A0A482JNV4	A0A2S1GRM2
A0A482JNV4	D7RMI3
A0A482JNV4	A0A172Q1X6
A0A482JNV4	A0A7D5FKD4
A0A482JNV4	G3MV27
A0A482JNV4	A0A858I6B3
A0A482JNV4	A0A410T524
A0A482JNV4	A0A9E6Z7L2
A0A482JNV4	A0A8E7FNM7
A0A482JNV4	A0A0A7HFD8
A0A482JNV4	A0A3Q9R9G4
A0A482JNV4	A0A6H1Z6L5
A0A482JNV4	A0A2S1GNZ5
A0A482JNV4	Q5QBW9
A0A482JNV4	A0A0A7HCR3
A0A482JNV4	A0A0A7HDJ4
A0A482JNV4	A0A8T8L7R9
A0A482JNV4	A0A7D7JVS8
A0A482JNV4	A0A7G5BBY8
A0A482JNV4	A0A0A7HC84
A0A482JNV4	E3SEZ4
A0A482JNV4	A0A2Z5WKR4
A0A482JNV4	A0A7U3TBV1
A0A482JNV4	A0A858I164
A0A482JNV4	A0A3G3BZS3
A0A482JNV4	A0A6B9X7K4
A0A482JNV4	A0A653G0G4
A0A482JNV4	A0A6C6XZ44
A0A482JNV4	A0A8T8IWA4
A0A482JNV4	A0A482JNV4
A0A482JNV4	A0A7D5JDQ1
A0A482JNV4	A0A449C612
A0A482JNV4	A0A173GAB8
A0A482JNV4	A0A5B9MYE6
A0A482JNV4	A0A097J6P2
A0A482JNV4	A0A482GLD7
A0A482JNV4	A0A5B9MX09
A0A482JNV4	A0A8S4SMF2
A0A482JNV4	A0A6M3G8R9
A0A482JNV4	A0A482MXA2
A0A482JNV4	A0A7S9XEW0
A0A482JNV4	A0A7T7GUI3
A0A482JNV4	A0A4Y6ED85
A0A482JNV4	A0A6G8R9J2
A0A482JNV4	A0A7I8LPR2
A0A482JNV4	A0A7L8ZH48
A0A482JNV4	A0A8X8MAG4
A0A482JNV4	A0A482GHM2
A0A482JNV4	A0A3G9GV30
A0A482JNV4	A0A482MYX5
A0A482JNV4	A0A9E7IQL0
A0A482JNV4	A0A3G3MB24
A0A482JNV4	A0A193GZQ3
A0A482JNV4	A0A9E7MZN6
A0A482JNV4	C3V1N6
A0A482JNV4	A0A4P8MVK0
A0A482JNV4	A0A9E7C6K0
A0A482JNV4	A0A384TCU4
A0A482JNV4	A0A2S1GQ37
A0A482JNV4	A0A1W5LJ72
A0A482JNV4	A0A411BEC1
A0A482JNV4	A0A2K9VFI1
A0A482JNV4	A0A976SR71
A0A482JNV4	A0A8X8RJR1
A0A482JNV4	A0A097BX35
A0A482JNV4	A0A1L7DRB6
A0A482JNV4	A0A6G8R864
A0A482JNV4	A0A653G191
A0A482JNV4	A0A482N1J6
A0A482JNV4	A0A449C513
A0A482JNV4	A0A7M1IDR6
A0A482JNV4	A0A023ZUF6
A0A482JNV4	A0A482N343
A0A482JNV4	A0A0M7QBN3
A0A482JNV4	A0A7D5FQC6
A0A482JNV4	A0A6B9WH69
A0A482JNV4	A0A6B9WG19
A0A482JNV4	A0A482GLL6
A0A482JNV4	C3V2G3
A0A482JNV4	A0A7I8V1K4
A0A482JNV4	A0A7S6HSK4
A0A482JNV4	A0A8X8M7J7
A0A482JNV4	A0A449C3W3
A0A482JNV4	A0A2K9VGH3
A0A482JNV4	A0A2U8QQB8
A0A482JNV4	A0A9E7NMS9
A0A482JNV4	A0A811AQN9
A0A482JNV4	A0A9E8GC79
A0A482JNV4	A0A3B8E144
A0A482JNV4	A0A5B9MWN2
A0A482JNV4	D4Z9X6
A0A482JNV4	A0A6B9WH84
A0A482JNV4	A0A482GD62
A0A482JNV4	P32277
A0A482JNV4	A0A1J0GTD7
A0A482JNV4	A0A2Z5H4D1
A0A482JNV4	A0A6B9LQV4
A0A482JNV4	I7K3T6
A0A482JNV4	A0A8X8RNH9
A0A482JNV4	A0A8X8MDA5
A0A482JNV4	E5FIM7
A0A482JNV4	G1FH99
A0A482JNV4	A0A2K9VN13
A0A482JNV4	A0A9E7LU10
A0A482JNV4	A0A8X8RNP6
A0A482JNV4	A0A291LDB1
A0A482JNV4	A0A8E7C0F2
A0A482JNV4	A0A8X8M9V9
A0A482JNV4	A0A0K1LKM2
A0A482JNV4	A0A0A7HFD8
A0A482JNV4	A0A097J5V3
A0A482JNV4	A0A8X8RKY1
A0A482JNV4	A0A455U0K4
A0A482JNV4	Q5QBW9
A0A482JNV4	A0A858I6B3
A0A482JNV4	A0A3Q9R9G4
A0A482JNV4	A0A7G5BBY8
A0A482JNV4	A0A8E7FNM7
A0A482JNV4	A0A410T524
A0A482JNV4	A0A7S9XCY9
A0A482JNV4	A0A2S1GNZ5
A0A482JNV4	A0A2S1GRM2
A0A482JNV4	A0A7D5FKD4
A0A482JNV4	G3MV27
A0A482JNV4	A0A0A7HDJ4
A0A482JNV4	C4MZR8
A0A482JNV4	A0A9E6Z7L2
A0A482JNV4	A0A7D7JVS8
A0A482JNV4	A0A0A7HC84
A0A482JNV4	D7RMI3
A0A482JNV4	A0A172Q1X6
A0A482JNV4	A0A0A7HCR3
A0A482JNV4	A0A7U3TBV1
A0A482JNV4	E3SEZ4
A0A482JNV4	A0A6H1Z6L5
A0A482JNV4	A0A8T8L7R9
A0A482JNV4	A0A858I164
A0A482JNV4	A0A2Z5WKR4
A0A482JNV4	A0A3G3BZS3
A0A482JNV4	E5FIM7
A0A482JNV4	A0A7M1IDR6
A0A482JNV4	A0A8T8IWA4
A0A482JNV4	A0A193GZQ3
A0A482JNV4	A0A5B9MYE6
A0A482JNV4	A0A2K9VN13
A0A482JNV4	A0A411BEC1
A0A482JNV4	A0A5B9MX09
A0A482JNV4	A0A6M3G8R9
A0A482JNV4	A0A7D5FQC6
A0A482JNV4	A0A482MXA2
A0A482JNV4	A0A8X8MAG4
A0A482JNV4	A0A173GAB8
A0A482JNV4	A0A2K9VFI1
A0A482JNV4	A0A7I8V1K4
A0A482JNV4	A0A0K1LKM2
A0A482JNV4	A0A7D5JDQ1
A0A482JNV4	A0A482GLD7
A0A482JNV4	A0A7S9XEW0
A0A482JNV4	A0A6B9WH84
A0A482JNV4	A0A6B9X7K4
A0A482JNV4	A0A2U8QQB8
A0A482JNV4	A0A449C513
A0A482JNV4	A0A8S4SMF2
A0A482JNV4	A0A7I8LPR2
A0A482JNV4	A0A7L8ZH48
A0A482JNV4	A0A482MYX5
A0A482JNV4	A0A9E7IQL0
A0A482JNV4	A0A097J6P2
A0A482JNV4	A0A4Y6ED85
A0A482JNV4	A0A9E7MZN6
A0A482JNV4	C3V1N6
A0A482JNV4	A0A3B8E144
A0A482JNV4	A0A482N1J6
A0A482JNV4	A0A6C6XZ44
A0A482JNV4	A0A4P8MVK0
A0A482JNV4	A0A1J0GTD7
A0A482JNV4	A0A2Z5H4D1
A0A482JNV4	A0A2S1GQ37
A0A482JNV4	A0A2K9VGH3
A0A482JNV4	A0A653G191
A0A482JNV4	A0A9E7C6K0
A0A482JNV4	A0A023ZUF6
A0A482JNV4	A0A6G8R9J2
A0A482JNV4	A0A9E7LU10
A0A482JNV4	A0A1L7DRB6
A0A482JNV4	A0A976SR71
A0A482JNV4	A0A6B9LQV4
A0A482JNV4	A0A1W5LJ72
A0A482JNV4	A0A9E7NMS9
A0A482JNV4	A0A8X8MDA5
A0A482JNV4	A0A482GHM2
A0A482JNV4	A0A449C612
A0A482JNV4	A0A5B9MWN2
A0A482JNV4	A0A482GD62
A0A482JNV4	A0A7T7GUI3
A0A482JNV4	P32277
A0A482JNV4	A0A3G9GV30
A0A482JNV4	A0A291LDB1
A0A482JNV4	D4Z9X6
A0A482JNV4	A0A0M7QBN3
A0A482JNV4	A0A6B9WH69
A0A482JNV4	A0A7S6HSK4
A0A482JNV4	C3V2G3
A0A482JNV4	A0A384TCU4
A0A482JNV4	A0A6B9WG19
A0A482JNV4	A0A653G0G4
A0A482JNV4	A0A482GLL6
A0A482JNV4	A0A8X8RNH9
A0A482JNV4	A0A9E8GC79
A0A482JNV4	A0A6G8R864
A0A482JNV4	A0A8X8RNP6
A0A482JNV4	A0A8X8M9V9
A0A482JNV4	A0A811AQN9
A0A482JNV4	A0A449C3W3
A0A482JNV4	A0A8X8RJR1
A0A482JNV4	A0A482N343
A0A482JNV4	G1FH99
A0A482JNV4	I7K3T6
A0A482JNV4	A0A097J5V3
A0A482JNV4	A0A8E7C0F2
A0A482JNV4	A0A482JNV4
A0A482JNV4	A0A8X8M7J7
A0A482JNV4	A0A3G3MB24
A0A482JNV4	A0A8X8RKY1
A0A482JNV4	A0A455U0K4
A0A482JNV4	A0A097BX35
A0A482JNV4	A0A858I6B3
A0A482JNV4	A0A0A7HFD8
A0A482JNV4	A0A7S9XCY9
A0A482JNV4	A0A2S1GRM2
A0A482JNV4	D7RMI3
A0A482JNV4	A0A9E6Z7L2
A0A482JNV4	A0A8E7FNM7
A0A482JNV4	A0A7D5FKD4
A0A482JNV4	G3MV27
A0A482JNV4	A0A3Q9R9G4
A0A482JNV4	Q5QBW9
A0A482JNV4	C4MZR8
A0A482JNV4	A0A172Q1X6
A0A482JNV4	A0A410T524
A0A482JNV4	A0A2S1GNZ5
A0A482JNV4	A0A6H1Z6L5
A0A482JNV4	A0A0A7HC84
A0A482JNV4	A0A2Z5WKR4
A0A482JNV4	A0A0A7HCR3
A0A482JNV4	A0A7D7JVS8
A0A482JNV4	A0A8T8L7R9
A0A482JNV4	A0A0A7HDJ4
A0A482JNV4	A0A7G5BBY8
A0A482JNV4	A0A7U3TBV1
A0A482JNV4	E3SEZ4
A0A482JNV4	A0A858I164
A0A482JNV4	A0A3G3BZS3
A0A482JNV4	E5FIM7
A0A482JNV4	A0A384TCU4
A0A482JNV4	A0A482N343
A0A482JNV4	A0A0M7QBN3
A0A482JNV4	A0A976SR71
A0A482JNV4	A0A6B9WH69
A0A482JNV4	A0A6G8R9J2
A0A482JNV4	A0A6B9WG19
A0A482JNV4	A0A6B9LQV4
A0A482JNV4	I7K3T6
A0A482JNV4	A0A8X8RKY1
A0A482JNV4	A0A8X8M7J7
A0A482JNV4	A0A449C3W3
A0A482JNV4	A0A8X8MAG4
A0A482JNV4	A0A7D5JDQ1
A0A482JNV4	A0A173GAB8
A0A482JNV4	A0A449C612
A0A482JNV4	A0A482MYX5
A0A482JNV4	A0A9E7IQL0
A0A482JNV4	C3V2G3
A0A482JNV4	A0A9E7MZN6
A0A482JNV4	C3V1N6
A0A482JNV4	A0A4P8MVK0
A0A482JNV4	A0A5B9MYE6
A0A482JNV4	A0A653G191
A0A482JNV4	A0A9E7C6K0
A0A482JNV4	A0A482N1J6
A0A482JNV4	A0A2K9VFI1
A0A482JNV4	A0A449C513
A0A482JNV4	A0A8S4SMF2
A0A482JNV4	A0A9E7NMS9
A0A482JNV4	A0A5B9MWN2
A0A482JNV4	A0A6M3G8R9
A0A482JNV4	D4Z9X6
A0A482JNV4	G1FH99
A0A482JNV4	A0A7D5FQC6
A0A482JNV4	A0A482MXA2
A0A482JNV4	A0A2K9VN13
A0A482JNV4	A0A7S9XEW0
A0A482JNV4	A0A482GLL6
A0A482JNV4	A0A7I8V1K4
A0A482JNV4	A0A7I8LPR2
A0A482JNV4	A0A7L8ZH48
A0A482JNV4	A0A1W5LJ72
A0A482JNV4	A0A097J6P2
A0A482JNV4	A0A482GHM2
A0A482JNV4	A0A2K9VGH3
A0A482JNV4	A0A2U8QQB8
A0A482JNV4	A0A8X8RJR1
A0A482JNV4	A0A8X8RNH9
A0A482JNV4	A0A9E8GC79
A0A482JNV4	A0A4Y6ED85
A0A482JNV4	A0A1L7DRB6
A0A482JNV4	A0A3B8E144
A0A482JNV4	A0A6G8R864
A0A482JNV4	A0A482GLD7
A0A482JNV4	A0A5B9MX09
A0A482JNV4	A0A3G3MB24
A0A482JNV4	A0A1J0GTD7
A0A482JNV4	A0A8X8RNP6
A0A482JNV4	A0A7M1IDR6
A0A482JNV4	A0A291LDB1
A0A482JNV4	A0A2Z5H4D1
A0A482JNV4	A0A8E7C0F2
A0A482JNV4	A0A097J5V3
A0A482JNV4	A0A023ZUF6
A0A482JNV4	A0A8T8IWA4
A0A482JNV4	A0A193GZQ3
A0A482JNV4	A0A2S1GQ37
A0A482JNV4	A0A0K1LKM2
A0A482JNV4	A0A653G0G4
A0A482JNV4	A0A9E7LU10
A0A482JNV4	A0A8X8M9V9
A0A482JNV4	A0A811AQN9
A0A482JNV4	A0A7S6HSK4
A0A482JNV4	A0A6B9WH84
A0A482JNV4	A0A482GD62
A0A482JNV4	A0A8X8MDA5
A0A482JNV4	A0A7T7GUI3
A0A482JNV4	P32277
A0A482JNV4	A0A3G9GV30
A0A482JNV4	A0A455U0K4
A0A482JNV4	A0A6B9X7K4
A0A482JNV4	A0A097BX35
A0A482JNV4	A0A6C6XZ44
A0A482JNV4	A0A411BEC1
A0A482JNV4	A0A482JNV4
A0A482JNV4	A0A2Z5WKR4
A0A482JNV4	A0A0A7HFD8
A0A482JNV4	C4MZR8
A0A482JNV4	A0A3G3BZS3
A0A482JNV4	A0A2S1GRM2
A0A482JNV4	A0A858I6B3
A0A482JNV4	A0A7D5FKD4
A0A482JNV4	G3MV27
A0A482JNV4	A0A410T524
A0A482JNV4	A0A9E6Z7L2
A0A482JNV4	D7RMI3
A0A482JNV4	A0A8E7FNM7
A0A482JNV4	A0A2S1GNZ5
A0A482JNV4	A0A3Q9R9G4
A0A482JNV4	Q5QBW9
A0A482JNV4	A0A6H1Z6L5
A0A482JNV4	A0A172Q1X6
A0A482JNV4	A0A7S9XCY9
A0A482JNV4	A0A0A7HCR3
A0A482JNV4	A0A8T8L7R9
A0A482JNV4	A0A7G5BBY8
A0A482JNV4	A0A7D7JVS8
A0A482JNV4	A0A0A7HC84
A0A482JNV4	A0A858I164
A0A482JNV4	A0A7U3TBV1
A0A482JNV4	E3SEZ4
A0A482JNV4	A0A0A7HDJ4
A0A482JNV4	A0A7D5FKD4
A0A482JNV4	G3MV27
A0A482JNV4	A0A2S1GRM2
A0A482JNV4	A0A172Q1X6
A0A482JNV4	A0A410T524
A0A482JNV4	A0A7S9XCY9
A0A482JNV4	A0A2S1GNZ5
A0A482JNV4	D7RMI3
A0A482JNV4	A0A9E6Z7L2
A0A482JNV4	A0A6H1Z6L5
A0A482JNV4	C4MZR8
A0A482JNV4	A0A3Q9R9G4
A0A482JNV4	A0A858I6B3
A0A482JNV4	A0A8E7FNM7
A0A482JNV4	Q5QBW9
A0A482JNV4	A0A0A7HFD8
A0A482JNV4	A0A0A7HDJ4
A0A482JNV4	A0A8T8L7R9
A0A482JNV4	A0A7D7JVS8
A0A482JNV4	A0A7U3TBV1
A0A482JNV4	A0A0A7HC84
A0A482JNV4	E3SEZ4
A0A482JNV4	A0A0A7HCR3
A0A482JNV4	A0A7G5BBY8
A0A482JNV4	A0A858I164
A0A482JNV4	A0A0K1LKM2
A0A482JNV4	A0A6B9X7K4
A0A482JNV4	A0A6C6XZ44
A0A482JNV4	A0A411BEC1
A0A482JNV4	A0A482JNV4
A0A482JNV4	E5FIM7
A0A482JNV4	A0A8X8MAG4
A0A482JNV4	A0A482N1J6
A0A482JNV4	A0A2K9VFI1
A0A482JNV4	A0A173GAB8
A0A482JNV4	A0A449C513
A0A482JNV4	A0A482MYX5
A0A482JNV4	A0A1L7DRB6
A0A482JNV4	A0A1J0GTD7
A0A482JNV4	A0A7D5FQC6
A0A482JNV4	A0A3G3MB24
A0A482JNV4	A0A2K9VN13
A0A482JNV4	A0A7I8V1K4
A0A482JNV4	A0A9E7IQL0
A0A482JNV4	A0A384TCU4
A0A482JNV4	A0A097J6P2
A0A482JNV4	A0A2K9VGH3
A0A482JNV4	A0A2U8QQB8
A0A482JNV4	A0A9E7MZN6
A0A482JNV4	C3V1N6
A0A482JNV4	A0A4P8MVK0
A0A482JNV4	A0A653G191
A0A482JNV4	A0A9E7C6K0
A0A482JNV4	A0A482N343
A0A482JNV4	A0A9E7NMS9
A0A482JNV4	A0A8X8M9V9
A0A482JNV4	A0A9E8GC79
A0A482JNV4	A0A5B9MWN2
A0A482JNV4	D4Z9X6
A0A482JNV4	A0A6G8R864
A0A482JNV4	A0A976SR71
A0A482JNV4	A0A7S9XEW0
A0A482JNV4	A0A7I8LPR2
A0A482JNV4	A0A7S6HSK4
A0A482JNV4	A0A7L8ZH48
A0A482JNV4	A0A482GHM2
A0A482JNV4	A0A449C612
A0A482JNV4	A0A9E7LU10
A0A482JNV4	A0A8X8RJR1
A0A482JNV4	A0A0M7QBN3
A0A482JNV4	A0A482GLL6
A0A482JNV4	A0A8X8RNH9
A0A482JNV4	A0A4Y6ED85
A0A482JNV4	A0A3B8E144
A0A482JNV4	A0A5B9MX09
A0A482JNV4	A0A8S4SMF2
A0A482JNV4	A0A8E7C0F2
A0A482JNV4	A0A6B9WH69
A0A482JNV4	A0A291LDB1
A0A482JNV4	A0A2Z5H4D1
A0A482JNV4	A0A6M3G8R9
A0A482JNV4	G1FH99
A0A482JNV4	A0A193GZQ3
A0A482JNV4	A0A482MXA2
A0A482JNV4	A0A6G8R9J2
A0A482JNV4	A0A7T7GUI3
A0A482JNV4	A0A097J5V3
A0A482JNV4	A0A023ZUF6
A0A482JNV4	A0A1W5LJ72
A0A482JNV4	A0A482GLD7
A0A482JNV4	A0A6B9WG19
A0A482JNV4	A0A6B9LQV4
A0A482JNV4	I7K3T6
A0A482JNV4	A0A7D5JDQ1
A0A482JNV4	A0A653G0G4
A0A482JNV4	A0A449C3W3
A0A482JNV4	C3V2G3
A0A482JNV4	A0A8X8RKY1
A0A482JNV4	A0A6B9WH84
A0A482JNV4	A0A482GD62
A0A482JNV4	P32277
A0A482JNV4	A0A7M1IDR6
A0A482JNV4	A0A2S1GQ37
A0A482JNV4	A0A8T8IWA4
A0A482JNV4	A0A3G9GV30
A0A482JNV4	A0A455U0K4
A0A482JNV4	A0A8X8RNP6
A0A482JNV4	A0A8X8M7J7
A0A482JNV4	A0A097BX35
A0A482JNV4	A0A5B9MYE6
A0A482JNV4	A0A811AQN9
A0A482JNV4	A0A8X8MDA5
A0A482JNV4	A0A2Z5WKR4
A0A482JNV4	A0A3G3BZS3
A0A482JNV4	A0A7D5FQC6
A0A482JNV4	A0A2K9VFI1
A0A482JNV4	A0A7I8V1K4
A0A482JNV4	A0A2U8QQB8
A0A482JNV4	A0A449C513
A0A482JNV4	A0A7D5JDQ1
A0A482JNV4	A0A2K9VGH3
A0A482JNV4	A0A482N1J6
A0A482JNV4	A0A173GAB8
A0A482JNV4	A0A0M7QBN3
A0A482JNV4	A0A976SR71
A0A482JNV4	A0A6B9LQV4
A0A482JNV4	A0A1L7DRB6
A0A482JNV4	A0A6B9WG19
A0A482JNV4	A0A8X8MAG4
A0A482JNV4	A0A482MYX5
A0A482JNV4	A0A9E7IQL0
A0A482JNV4	A0A6B9WH69
A0A482JNV4	A0A097J6P2
A0A482JNV4	A0A9E7MZN6
A0A482JNV4	C3V1N6
A0A482JNV4	A0A3B8E144
A0A482JNV4	A0A384TCU4
A0A482JNV4	A0A482N343
A0A482JNV4	A0A2K9VN13
A0A482JNV4	I7K3T6
A0A482JNV4	A0A4P8MVK0
A0A482JNV4	A0A1J0GTD7
A0A482JNV4	A0A2Z5H4D1
A0A482JNV4	A0A6G8R9J2
A0A482JNV4	A0A653G191
A0A482JNV4	A0A9E7C6K0
A0A482JNV4	A0A193GZQ3
A0A482JNV4	A0A6M3G8R9
A0A482JNV4	A0A9E7LU10
A0A482JNV4	A0A482GLD7
A0A482JNV4	A0A5B9MX09
A0A482JNV4	A0A9E7NMS9
A0A482JNV4	D4Z9X6
A0A482JNV4	A0A8X8M9V9
A0A482JNV4	A0A6G8R864
A0A482JNV4	A0A3G3MB24
A0A482JNV4	A0A5B9MWN2
A0A482JNV4	A0A8X8M7J7
A0A482JNV4	A0A449C3W3
A0A482JNV4	A0A9E8GC79
A0A482JNV4	C3V2G3
A0A482JNV4	A0A8X8RNP6
A0A482JNV4	A0A8S4SMF2
A0A482JNV4	A0A7S9XEW0
A0A482JNV4	A0A7I8LPR2
A0A482JNV4	A0A7L8ZH48
A0A482JNV4	A0A449C612
A0A482JNV4	A0A482MXA2
A0A482JNV4	A0A482GHM2
A0A482JNV4	A0A8X8RJR1
A0A482JNV4	A0A7M1IDR6
A0A482JNV4	A0A482GLL6
A0A482JNV4	A0A8X8RNH9
A0A482JNV4	A0A4Y6ED85
A0A482JNV4	A0A8X8RKY1
A0A482JNV4	A0A291LDB1
A0A482JNV4	G1FH99
A0A482JNV4	A0A8T8IWA4
A0A482JNV4	A0A7S6HSK4
A0A482JNV4	A0A5B9MYE6
A0A482JNV4	A0A097J5V3
A0A482JNV4	A0A023ZUF6
A0A482JNV4	A0A1W5LJ72
A0A482JNV4	A0A8E7C0F2
A0A482JNV4	A0A8X8MDA5
A0A482JNV4	A0A2S1GQ37
A0A482JNV4	E5FIM7
A0A482JNV4	A0A6B9WH84
A0A482JNV4	A0A482GD62
A0A482JNV4	A0A7T7GUI3
A0A482JNV4	P32277
A0A482JNV4	A0A3G9GV30
A0A482JNV4	A0A455U0K4
A0A482JNV4	A0A097BX35
A0A482JNV4	A0A653G0G4
A0A482JNV4	A0A811AQN9
A0A482JNV4	A0A6B9X7K4
A0A482JNV4	A0A0K1LKM2
A0A482JNV4	A0A6C6XZ44
A0A482JNV4	A0A411BEC1
A0A482JNV4	A0A482JNV4
A0A482JNV4	A0A2Z5WKR4
A0A482JNV4	A0A0A7HCR3
A0A482JNV4	A0A8E7FNM7
A0A482JNV4	A0A2S1GRM2
A0A482JNV4	A0A2S1GNZ5
A0A482JNV4	C4MZR8
A0A482JNV4	A0A3Q9R9G4
A0A482JNV4	A0A172Q1X6
A0A482JNV4	A0A9E6Z7L2
A0A482JNV4	A0A7D7JVS8
A0A482JNV4	G3MV27
A0A482JNV4	A0A6H1Z6L5
A0A482JNV4	A0A7D5FKD4
A0A482JNV4	A0A8T8L7R9
A0A482JNV4	A0A0A7HDJ4
A0A482JNV4	A0A410T524
A0A482JNV4	A0A858I6B3
A0A482JNV4	A0A0A7HFD8
A0A482JNV4	A0A0A7HC84
A0A482JNV4	A0A3G3BZS3
A0A482JNV4	A0A7S9XCY9
A0A482JNV4	Q5QBW9
A0A482JNV4	A0A7G5BBY8
A0A482JNV4	E3SEZ4
A0A482JNV4	A0A7U3TBV1
A0A482JNV4	D7RMI3
A0A482JNV4	A0A858I164
A0A482JNV4	A0A5B9MYE6
A0A482JNV4	A0A6M3G8R9
A0A482JNV4	A0A7D5FQC6
A0A482JNV4	A0A482GLD7
A0A482JNV4	A0A2K9VFI1
A0A482JNV4	E5FIM7
A0A482JNV4	A0A7I8V1K4
A0A482JNV4	A0A193GZQ3
A0A482JNV4	A0A653G0G4
A0A482JNV4	A0A449C513
A0A482JNV4	A0A8S4SMF2
A0A482JNV4	A0A482MXA2
A0A482JNV4	A0A5B9MX09
A0A482JNV4	A0A482N1J6
A0A482JNV4	A0A7M1IDR6
A0A482JNV4	A0A173GAB8
A0A482JNV4	A0A7I8LPR2
A0A482JNV4	A0A7L8ZH48
A0A482JNV4	A0A6B9WH84
A0A482JNV4	A0A2K9VGH3
A0A482JNV4	A0A2U8QQB8
A0A482JNV4	A0A8T8IWA4
A0A482JNV4	A0A7S9XEW0
A0A482JNV4	A0A1L7DRB6
A0A482JNV4	A0A482MYX5
A0A482JNV4	A0A9E7IQL0
A0A482JNV4	A0A8X8MDA5
A0A482JNV4	A0A097J6P2
A0A482JNV4	A0A4Y6ED85
A0A482JNV4	A0A9E7MZN6
A0A482JNV4	C3V1N6
A0A482JNV4	A0A2K9VN13
A0A482JNV4	A0A8X8MAG4
A0A482JNV4	A0A7D5JDQ1
A0A482JNV4	A0A4P8MVK0
A0A482JNV4	A0A2S1GQ37
A0A482JNV4	A0A1W5LJ72
A0A482JNV4	A0A449C612
A0A482JNV4	A0A3B8E144
A0A482JNV4	A0A653G191
A0A482JNV4	A0A9E7C6K0
A0A482JNV4	A0A023ZUF6
A0A482JNV4	A0A9E8GC79
A0A482JNV4	A0A2Z5H4D1
A0A482JNV4	A0A6G8R9J2
A0A482JNV4	A0A7S6HSK4
A0A482JNV4	A0A6G8R864
A0A482JNV4	A0A1J0GTD7
A0A482JNV4	A0A976SR71
A0A482JNV4	A0A9E7LU10
A0A482JNV4	A0A482GD62
A0A482JNV4	A0A7T7GUI3
A0A482JNV4	A0A482GHM2
A0A482JNV4	P32277
A0A482JNV4	A0A9E7NMS9
A0A482JNV4	A0A8X8M9V9
A0A482JNV4	A0A811AQN9
A0A482JNV4	A0A5B9MWN2
A0A482JNV4	A0A8E7C0F2
A0A482JNV4	C3V2G3
A0A482JNV4	A0A291LDB1
A0A482JNV4	A0A6B9WH69
A0A482JNV4	A0A482GLL6
A0A482JNV4	I7K3T6
A0A482JNV4	A0A384TCU4
A0A482JNV4	D4Z9X6
A0A482JNV4	A0A8X8RNH9
A0A482JNV4	A0A097BX35
A0A482JNV4	A0A3G3MB24
A0A482JNV4	A0A8X8RJR1
A0A482JNV4	G1FH99
A0A482JNV4	A0A0M7QBN3
A0A482JNV4	A0A097J5V3
A0A482JNV4	A0A449C3W3
A0A482JNV4	A0A8X8RNP6
A0A482JNV4	A0A482N343
A0A482JNV4	A0A6B9WG19
A0A482JNV4	A0A6B9LQV4
A0A482JNV4	A0A8X8RKY1
A0A482JNV4	A0A3G9GV30
A0A482JNV4	A0A455U0K4
A0A482JNV4	A0A8X8M7J7
A0A482JNV4	A0A0K1LKM2
A0A482JNV4	A0A411BEC1
A0A482JNV4	A0A6B9X7K4
A0A482JNV4	A0A6C6XZ44
A0A482JNV4	A0A482JNV4
A0A482JNV4	A0A2Z5WKR4
A0A482JNV4	A0A0A7HFD8
A0A482JNV4	C4MZR8
A0A482JNV4	A0A2S1GRM2
A0A482JNV4	A0A858I6B3
A0A482JNV4	A0A0A7HDJ4
A0A482JNV4	G3MV27
A0A482JNV4	A0A7D5FKD4
A0A482JNV4	D7RMI3
A0A482JNV4	A0A8E7FNM7
A0A482JNV4	A0A9E6Z7L2
A0A482JNV4	A0A3Q9R9G4
A0A482JNV4	A0A7S9XCY9
A0A482JNV4	A0A0A7HCR3
A0A482JNV4	A0A7U3TBV1
A0A482JNV4	A0A410T524
A0A482JNV4	Q5QBW9
A0A482JNV4	A0A2S1GNZ5
A0A482JNV4	A0A6H1Z6L5
A0A482JNV4	A0A8T8L7R9
A0A482JNV4	A0A172Q1X6
A0A482JNV4	A0A7D7JVS8
A0A482JNV4	E3SEZ4
A0A482JNV4	A0A0A7HC84
A0A482JNV4	A0A858I164
A0A482JNV4	A0A7G5BBY8
A0A482JNV4	A0A3G3BZS3
A0A482JNV4	A0A858I164
A0A482JNV4	A0A8T8L7R9
A0A482JNV4	A0A7G5BBY8
A0A482JNV4	A0A7U3TBV1
A0A482JNV4	A0A7D7JVS8
A0A482JNV4	A0A0A7HC84
A0A482JNV4	E3SEZ4
A0A482JNV4	A0A0A7HCR3
A0A482JNV4	A0A0A7HDJ4
A0A482JNV4	A0A2S1GRM2
A0A482JNV4	G3MV27
A0A482JNV4	A0A7S9XCY9
A0A482JNV4	A0A7D5FKD4
A0A482JNV4	D7RMI3
A0A482JNV4	A0A410T524
A0A482JNV4	C4MZR8
A0A482JNV4	A0A172Q1X6
A0A482JNV4	A0A0A7HFD8
A0A482JNV4	A0A2S1GNZ5
A0A482JNV4	A0A9E6Z7L2
A0A482JNV4	A0A6H1Z6L5
A0A482JNV4	A0A858I6B3
A0A482JNV4	A0A3Q9R9G4
A0A482JNV4	A0A8E7FNM7
A0A482JNV4	Q5QBW9
A0A482JNV4	A0A0K1LKM2
A0A482JNV4	A0A6B9X7K4
A0A482JNV4	A0A6C6XZ44
A0A482JNV4	A0A411BEC1
A0A482JNV4	A0A482JNV4
A0A482JNV4	E5FIM7
A0A482JNV4	A0A8X8MAG4
A0A482JNV4	A0A482N1J6
A0A482JNV4	A0A173GAB8
A0A482JNV4	A0A2K9VFI1
A0A482JNV4	A0A449C513
A0A482JNV4	A0A482MYX5
A0A482JNV4	A0A9E7IQL0
A0A482JNV4	A0A1L7DRB6
A0A482JNV4	A0A7D5FQC6
A0A482JNV4	A0A097J6P2
A0A482JNV4	A0A9E7MZN6
A0A482JNV4	C3V1N6
A0A482JNV4	A0A4P8MVK0
A0A482JNV4	A0A2K9VN13
A0A482JNV4	A0A7I8V1K4
A0A482JNV4	A0A9E7C6K0
A0A482JNV4	A0A2K9VGH3
A0A482JNV4	A0A2U8QQB8
A0A482JNV4	A0A653G191
A0A482JNV4	A0A482N343
A0A482JNV4	A0A8X8M9V9
A0A482JNV4	A0A384TCU4
A0A482JNV4	A0A9E7NMS9
A0A482JNV4	A0A482GHM2
A0A482JNV4	A0A5B9MWN2
A0A482JNV4	D4Z9X6
A0A482JNV4	G1FH99
A0A482JNV4	A0A482GLL6
A0A482JNV4	A0A6G8R864
A0A482JNV4	A0A7S9XEW0
A0A482JNV4	A0A7I8LPR2
A0A482JNV4	A0A7L8ZH48
A0A482JNV4	A0A1W5LJ72
A0A482JNV4	A0A8X8RNH9
A0A482JNV4	A0A449C612
A0A482JNV4	A0A4Y6ED85
A0A482JNV4	A0A1J0GTD7
A0A482JNV4	A0A8E7C0F2
A0A482JNV4	A0A0M7QBN3
A0A482JNV4	A0A9E7LU10
A0A482JNV4	A0A8X8RJR1
A0A482JNV4	A0A976SR71
A0A482JNV4	A0A7T7GUI3
A0A482JNV4	A0A3B8E144
A0A482JNV4	A0A5B9MX09
A0A482JNV4	A0A3G3MB24
A0A482JNV4	A0A8X8RNP6
A0A482JNV4	A0A6B9WH69
A0A482JNV4	A0A7D5JDQ1
A0A482JNV4	A0A291LDB1
A0A482JNV4	A0A2Z5H4D1
A0A482JNV4	A0A193GZQ3
A0A482JNV4	A0A8S4SMF2
A0A482JNV4	A0A097J5V3
A0A482JNV4	A0A023ZUF6
A0A482JNV4	A0A6B9WG19
A0A482JNV4	A0A6B9LQV4
A0A482JNV4	I7K3T6
A0A482JNV4	A0A482GLD7
A0A482JNV4	A0A6M3G8R9
A0A482JNV4	A0A482MXA2
A0A482JNV4	A0A6G8R9J2
A0A482JNV4	C3V2G3
A0A482JNV4	A0A2S1GQ37
A0A482JNV4	A0A8X8RKY1
A0A482JNV4	A0A449C3W3
A0A482JNV4	A0A9E8GC79
A0A482JNV4	A0A7S6HSK4
A0A482JNV4	A0A6B9WH84
A0A482JNV4	A0A482GD62
A0A482JNV4	P32277
A0A482JNV4	A0A455U0K4
A0A482JNV4	A0A8X8M7J7
A0A482JNV4	A0A653G0G4
A0A482JNV4	A0A3G9GV30
A0A482JNV4	A0A7M1IDR6
A0A482JNV4	A0A097BX35
A0A482JNV4	A0A8T8IWA4
A0A482JNV4	A0A5B9MYE6
A0A482JNV4	A0A811AQN9
A0A482JNV4	A0A8X8MDA5
A0A482JNV4	A0A2Z5WKR4
A0A482JNV4	A0A3G3BZS3
A0A482JNV4	P32277
A0A482JNV4	A0A7S9XEW0
A0A482JNV4	A0A4Y6ED85
A0A482JNV4	A0A5B9MX09
A0A482JNV4	A0A023ZUF6
A0A482JNV4	A0A7L8ZH48
A0A482JNV4	A0A7I8LPR2
A0A482JNV4	A0A6B9WH84
A0A482JNV4	A0A482GD62
A0A482JNV4	A0A7T7GUI3
A0A482JNV4	A0A482MYX5
A0A482JNV4	A0A1W5LJ72
A0A482JNV4	A0A173GAB8
A0A482JNV4	A0A193GZQ3
A0A482JNV4	A0A482N1J6
A0A482JNV4	A0A7S6HSK4
A0A482JNV4	A0A653G191
A0A482JNV4	A0A8S4SMF2
A0A482JNV4	A0A5B9MWN2
A0A482JNV4	A0A9E7MZN6
A0A482JNV4	C3V1N6
A0A482JNV4	A0A449C513
A0A482JNV4	A0A9E7NMS9
A0A482JNV4	A0A8X8MAG4
A0A482JNV4	A0A9E7IQL0
A0A482JNV4	A0A4P8MVK0
A0A482JNV4	A0A6M3G8R9
A0A482JNV4	D4Z9X6
A0A482JNV4	A0A2K9VN13
A0A482JNV4	A0A7I8V1K4
A0A482JNV4	A0A8X8RNH9
A0A482JNV4	A0A6G8R864
A0A482JNV4	A0A7D5FQC6
A0A482JNV4	A0A2U8QQB8
A0A482JNV4	A0A291LDB1
A0A482JNV4	A0A2Z5H4D1
A0A482JNV4	G1FH99
A0A482JNV4	A0A482GLL6
A0A482JNV4	A0A1L7DRB6
A0A482JNV4	A0A3B8E144
A0A482JNV4	A0A482GLD7
A0A482JNV4	A0A097J5V3
A0A482JNV4	A0A482MXA2
A0A482JNV4	A0A8X8RJR1
A0A482JNV4	A0A7M1IDR6
A0A482JNV4	A0A9E7LU10
A0A482JNV4	A0A8X8M9V9
A0A482JNV4	A0A482GHM2
A0A482JNV4	A0A9E8GC79
A0A482JNV4	A0A2K9VFI1
A0A482JNV4	A0A8T8IWA4
A0A482JNV4	A0A8X8MDA5
A0A482JNV4	A0A5B9MYE6
A0A482JNV4	A0A9E7C6K0
A0A482JNV4	A0A097J6P2
A0A482JNV4	A0A455U0K4
A0A482JNV4	A0A653G0G4
A0A482JNV4	A0A8E7C0F2
A0A482JNV4	A0A3G9GV30
A0A482JNV4	A0A1J0GTD7
A0A482JNV4	A0A2S1GQ37
A0A482JNV4	A0A2K9VGH3
A0A482JNV4	A0A097BX35
A0A482JNV4	A0A3G3MB24
A0A482JNV4	A0A8X8RNP6
A0A482JNV4	A0A811AQN9
A0A482JNV4	C3V2G3
A0A482JNV4	A0A6G8R9J2
A0A482JNV4	A0A449C612
A0A482JNV4	A0A7D5JDQ1
A0A482JNV4	A0A384TCU4
A0A482JNV4	A0A976SR71
A0A482JNV4	A0A6B9WH69
A0A482JNV4	A0A6B9LQV4
A0A482JNV4	A0A482N343
A0A482JNV4	A0A0M7QBN3
A0A482JNV4	A0A6B9WG19
A0A482JNV4	I7K3T6
A0A482JNV4	A0A8X8RKY1
A0A482JNV4	A0A8X8M7J7
A0A482JNV4	A0A449C3W3
A0A482JNV4	A0A2Z5WKR4
A0A482JNV4	E5FIM7
A0A482JNV4	A0A3G3BZS3
A0A482JNV4	A0A6B9X7K4
A0A482JNV4	A0A6C6XZ44
A0A482JNV4	A0A411BEC1
A0A482JNV4	A0A482JNV4
A0A482JNV4	A0A0K1LKM2
A0A482JNV4	A0A2S1GNZ5
A0A482JNV4	A0A2S1GRM2
A0A482JNV4	A0A858I6B3
A0A482JNV4	A0A3Q9R9G4
A0A482JNV4	A0A172Q1X6
A0A482JNV4	C4MZR8
A0A482JNV4	A0A9E6Z7L2
A0A482JNV4	Q5QBW9
A0A482JNV4	G3MV27
A0A482JNV4	A0A6H1Z6L5
A0A482JNV4	A0A7D5FKD4
A0A482JNV4	D7RMI3
A0A482JNV4	A0A7S9XCY9
A0A482JNV4	A0A0A7HFD8
A0A482JNV4	A0A410T524
A0A482JNV4	A0A8E7FNM7
A0A482JNV4	A0A0A7HCR3
A0A482JNV4	A0A7D7JVS8
A0A482JNV4	A0A8T8L7R9
A0A482JNV4	A0A0A7HC84
A0A482JNV4	A0A7G5BBY8
A0A482JNV4	A0A7U3TBV1
A0A482JNV4	A0A0A7HDJ4
A0A482JNV4	E3SEZ4
A0A482JNV4	A0A858I164
A0A482JNV4	A0A6B9X7K4
A0A482JNV4	A0A2K9VFI1
A0A482JNV4	A0A8X8MAG4
A0A482JNV4	A0A449C513
A0A482JNV4	A0A6C6XZ44
A0A482JNV4	A0A2U8QQB8
A0A482JNV4	A0A173GAB8
A0A482JNV4	A0A482N1J6
A0A482JNV4	E5FIM7
A0A482JNV4	A0A7D5FQC6
A0A482JNV4	A0A7I8V1K4
A0A482JNV4	A0A2K9VGH3
A0A482JNV4	A0A482MYX5
A0A482JNV4	A0A9E7IQL0
A0A482JNV4	A0A1L7DRB6
A0A482JNV4	A0A4P8MVK0
A0A482JNV4	A0A9E7MZN6
A0A482JNV4	C3V1N6
A0A482JNV4	A0A9E7C6K0
A0A482JNV4	A0A2S1GQ37
A0A482JNV4	A0A653G191
A0A482JNV4	A0A8S4SMF2
A0A482JNV4	A0A2K9VN13
A0A482JNV4	A0A653G0G4
A0A482JNV4	A0A5B9MX09
A0A482JNV4	A0A6G8R864
A0A482JNV4	A0A9E7NMS9
A0A482JNV4	D4Z9X6
A0A482JNV4	A0A3G9GV30
A0A482JNV4	A0A3B8E144
A0A482JNV4	A0A5B9MYE6
A0A482JNV4	A0A482GLD7
A0A482JNV4	A0A1J0GTD7
A0A482JNV4	A0A5B9MWN2
A0A482JNV4	A0A6M3G8R9
A0A482JNV4	A0A384TCU4
A0A482JNV4	G1FH99
A0A482JNV4	A0A7I8LPR2
A0A482JNV4	A0A097J6P2
A0A482JNV4	A0A9E8GC79
A0A482JNV4	A0A3G3MB24
A0A482JNV4	A0A2Z5H4D1
A0A482JNV4	A0A976SR71
A0A482JNV4	A0A7S9XEW0
A0A482JNV4	A0A8X8M9V9
A0A482JNV4	A0A7L8ZH48
A0A482JNV4	A0A1W5LJ72
A0A482JNV4	A0A411BEC1
A0A482JNV4	A0A449C612
A0A482JNV4	A0A8E7C0F2
A0A482JNV4	A0A193GZQ3
A0A482JNV4	A0A811AQN9
A0A482JNV4	A0A482GHM2
A0A482JNV4	A0A6G8R9J2
A0A482JNV4	A0A9E7LU10
A0A482JNV4	A0A482GLL6
A0A482JNV4	A0A8X8RNH9
A0A482JNV4	A0A4Y6ED85
A0A482JNV4	A0A482N343
A0A482JNV4	A0A482MXA2
A0A482JNV4	A0A6B9WH69
A0A482JNV4	A0A8X8RJR1
A0A482JNV4	A0A097BX35
A0A482JNV4	A0A8X8RNP6
A0A482JNV4	A0A7M1IDR6
A0A482JNV4	A0A291LDB1
A0A482JNV4	A0A0M7QBN3
A0A482JNV4	A0A8X8RKY1
A0A482JNV4	A0A097J5V3
A0A482JNV4	A0A023ZUF6
A0A482JNV4	A0A8T8IWA4
A0A482JNV4	A0A7S6HSK4
A0A482JNV4	A0A7D5JDQ1
A0A482JNV4	C3V2G3
A0A482JNV4	A0A0K1LKM2
A0A482JNV4	A0A6B9WG19
A0A482JNV4	A0A6B9LQV4
A0A482JNV4	I7K3T6
A0A482JNV4	A0A6B9WH84
A0A482JNV4	A0A482GD62
A0A482JNV4	A0A8X8MDA5
A0A482JNV4	A0A482JNV4
A0A482JNV4	A0A7T7GUI3
A0A482JNV4	P32277
A0A482JNV4	A0A8X8M7J7
A0A482JNV4	A0A449C3W3
A0A482JNV4	A0A455U0K4
A0A482JNV4	A0A8E7FNM7
A0A482JNV4	A0A858I6B3
A0A482JNV4	A0A3Q9R9G4
A0A482JNV4	A0A0A7HCR3
A0A482JNV4	A0A8T8L7R9
A0A482JNV4	A0A2S1GNZ5
A0A482JNV4	A0A2S1GRM2
A0A482JNV4	Q5QBW9
A0A482JNV4	A0A0A7HFD8
A0A482JNV4	A0A7D5FKD4
A0A482JNV4	G3MV27
A0A482JNV4	A0A410T524
A0A482JNV4	C4MZR8
A0A482JNV4	D7RMI3
A0A482JNV4	A0A7S9XCY9
A0A482JNV4	A0A7D7JVS8
A0A482JNV4	A0A9E6Z7L2
A0A482JNV4	A0A6H1Z6L5
A0A482JNV4	A0A172Q1X6
A0A482JNV4	A0A0A7HDJ4
A0A482JNV4	A0A7U3TBV1
A0A482JNV4	A0A858I164
A0A482JNV4	A0A7G5BBY8
A0A482JNV4	A0A0A7HC84
A0A482JNV4	E3SEZ4
A0A482JNV4	A0A2Z5WKR4
A0A482JNV4	A0A3G3BZS3
A0A482JNV4	A0A7M1IDR6
A0A482JNV4	A0A2K9VN13
A0A482JNV4	A0A7D5JDQ1
A0A482JNV4	A0A7D5FQC6
A0A482JNV4	A0A7I8V1K4
A0A482JNV4	A0A2U8QQB8
A0A482JNV4	A0A5B9MYE6
A0A482JNV4	A0A2K9VFI1
A0A482JNV4	A0A193GZQ3
A0A482JNV4	A0A1L7DRB6
A0A482JNV4	A0A482GLD7
A0A482JNV4	A0A449C513
A0A482JNV4	A0A6M3G8R9
A0A482JNV4	A0A482MXA2
A0A482JNV4	A0A5B9MX09
A0A482JNV4	A0A482N1J6
A0A482JNV4	A0A173GAB8
A0A482JNV4	A0A8S4SMF2
A0A482JNV4	A0A7I8LPR2
A0A482JNV4	A0A7L8ZH48
A0A482JNV4	A0A1W5LJ72
A0A482JNV4	A0A7S9XEW0
A0A482JNV4	A0A2K9VGH3
A0A482JNV4	A0A8T8IWA4
A0A482JNV4	A0A6B9WG19
A0A482JNV4	A0A097J6P2
A0A482JNV4	A0A482MYX5
A0A482JNV4	A0A9E7IQL0
A0A482JNV4	A0A9E8GC79
A0A482JNV4	C3V2G3
A0A482JNV4	A0A6B9LQV4
A0A482JNV4	A0A4Y6ED85
A0A482JNV4	A0A9E7MZN6
A0A482JNV4	C3V1N6
A0A482JNV4	A0A9E7C6K0
A0A482JNV4	A0A8X8MAG4
A0A482JNV4	A0A482GHM2
A0A482JNV4	A0A4P8MVK0
A0A482JNV4	A0A976SR71
A0A482JNV4	A0A2S1GQ37
A0A482JNV4	A0A7S6HSK4
A0A482JNV4	A0A3B8E144
A0A482JNV4	A0A653G191
A0A482JNV4	A0A1J0GTD7
A0A482JNV4	A0A023ZUF6
A0A482JNV4	A0A0M7QBN3
A0A482JNV4	A0A8X8MDA5
A0A482JNV4	A0A2Z5H4D1
A0A482JNV4	A0A6G8R9J2
A0A482JNV4	A0A8X8RNP6
A0A482JNV4	A0A6B9WH69
A0A482JNV4	A0A3G3MB24
A0A482JNV4	A0A384TCU4
A0A482JNV4	A0A653G0G4
A0A482JNV4	A0A6B9WH84
A0A482JNV4	A0A482GD62
A0A482JNV4	A0A449C3W3
A0A482JNV4	A0A7T7GUI3
A0A482JNV4	P32277
A0A482JNV4	A0A449C612
A0A482JNV4	A0A9E7NMS9
A0A482JNV4	A0A482N343
A0A482JNV4	A0A8X8M9V9
A0A482JNV4	I7K3T6
A0A482JNV4	A0A5B9MWN2
A0A482JNV4	G1FH99
A0A482JNV4	A0A291LDB1
A0A482JNV4	A0A482GLL6
A0A482JNV4	A0A8E7C0F2
A0A482JNV4	A0A8X8RKY1
A0A482JNV4	A0A3G9GV30
A0A482JNV4	D4Z9X6
A0A482JNV4	A0A9E7LU10
A0A482JNV4	A0A8X8M7J7
A0A482JNV4	A0A8X8RNH9
A0A482JNV4	A0A6G8R864
A0A482JNV4	A0A811AQN9
A0A482JNV4	A0A8X8RJR1
A0A482JNV4	A0A097BX35
A0A482JNV4	A0A097J5V3
A0A482JNV4	A0A0K1LKM2
A0A482JNV4	A0A455U0K4
A0A482JNV4	A0A6B9X7K4
A0A482JNV4	A0A6C6XZ44
A0A482JNV4	E5FIM7
A0A482JNV4	A0A411BEC1
A0A482JNV4	A0A482JNV4
A0A482JNV4	A0A2S1GRM2
A0A482JNV4	D7RMI3
A0A482JNV4	G3MV27
A0A482JNV4	A0A410T524
A0A482JNV4	A0A858I6B3
A0A482JNV4	A0A7D5FKD4
A0A482JNV4	A0A172Q1X6
A0A482JNV4	C4MZR8
A0A482JNV4	A0A7S9XCY9
A0A482JNV4	A0A2S1GNZ5
A0A482JNV4	A0A9E6Z7L2
A0A482JNV4	A0A0A7HCR3
A0A482JNV4	A0A0A7HFD8
A0A482JNV4	A0A8E7FNM7
A0A482JNV4	Q5QBW9
A0A482JNV4	A0A6H1Z6L5
A0A482JNV4	A0A0A7HC84
A0A482JNV4	A0A3Q9R9G4
A0A482JNV4	A0A7G5BBY8
A0A482JNV4	A0A7D7JVS8
A0A482JNV4	E3SEZ4
A0A482JNV4	A0A0A7HDJ4
A0A482JNV4	A0A8T8L7R9
A0A482JNV4	A0A7U3TBV1
A0A482JNV4	A0A2Z5WKR4
A0A482JNV4	A0A858I164
A0A482JNV4	A0A3G3BZS3
A0A482JNV4	A0A7L8ZH48
A0A482JNV4	A0A7I8LPR2
A0A482JNV4	A0A1W5LJ72
A0A482JNV4	A0A193GZQ3
A0A482JNV4	A0A7S9XEW0
A0A482JNV4	A0A7S6HSK4
A0A482JNV4	A0A8S4SMF2
A0A482JNV4	A0A4Y6ED85
A0A482JNV4	A0A5B9MX09
A0A482JNV4	A0A482MYX5
A0A482JNV4	A0A6M3G8R9
A0A482JNV4	A0A8T8IWA4
A0A482JNV4	A0A482MXA2
A0A482JNV4	A0A023ZUF6
A0A482JNV4	A0A8X8MAG4
A0A482JNV4	A0A173GAB8
A0A482JNV4	A0A482GLD7
A0A482JNV4	A0A482N1J6
A0A482JNV4	A0A6B9WH84
A0A482JNV4	A0A482GD62
A0A482JNV4	A0A7T7GUI3
A0A482JNV4	P32277
A0A482JNV4	A0A653G191
A0A482JNV4	A0A7M1IDR6
A0A482JNV4	A0A5B9MWN2
A0A482JNV4	A0A9E7MZN6
A0A482JNV4	C3V1N6
A0A482JNV4	A0A449C513
A0A482JNV4	A0A9E7NMS9
A0A482JNV4	A0A8X8MDA5
A0A482JNV4	A0A9E7IQL0
A0A482JNV4	A0A4P8MVK0
A0A482JNV4	A0A5B9MYE6
A0A482JNV4	D4Z9X6
A0A482JNV4	A0A2K9VN13
A0A482JNV4	A0A7I8V1K4
A0A482JNV4	A0A8X8RNH9
A0A482JNV4	A0A6G8R864
A0A482JNV4	A0A7D5FQC6
A0A482JNV4	A0A653G0G4
A0A482JNV4	A0A2U8QQB8
A0A482JNV4	A0A291LDB1
A0A482JNV4	A0A2Z5H4D1
A0A482JNV4	G1FH99
A0A482JNV4	A0A482GLL6
A0A482JNV4	A0A1L7DRB6
A0A482JNV4	A0A3B8E144
A0A482JNV4	A0A097J5V3
A0A482JNV4	A0A8X8RJR1
A0A482JNV4	A0A1J0GTD7
A0A482JNV4	A0A9E7LU10
A0A482JNV4	A0A8X8M9V9
A0A482JNV4	A0A482GHM2
A0A482JNV4	A0A9E8GC79
A0A482JNV4	A0A2K9VFI1
A0A482JNV4	A0A9E7C6K0
A0A482JNV4	A0A097J6P2
A0A482JNV4	A0A455U0K4
A0A482JNV4	A0A8E7C0F2
A0A482JNV4	A0A3G9GV30
A0A482JNV4	C3V2G3
A0A482JNV4	A0A2S1GQ37
A0A482JNV4	A0A2K9VGH3
A0A482JNV4	A0A097BX35
A0A482JNV4	A0A3G3MB24
A0A482JNV4	A0A6G8R9J2
A0A482JNV4	A0A7D5JDQ1
A0A482JNV4	A0A8X8RNP6
A0A482JNV4	A0A811AQN9
A0A482JNV4	A0A449C612
A0A482JNV4	A0A2Z5WKR4
A0A482JNV4	A0A384TCU4
A0A482JNV4	A0A976SR71
A0A482JNV4	A0A6B9WH69
A0A482JNV4	A0A6B9LQV4
A0A482JNV4	A0A482N343
A0A482JNV4	A0A0M7QBN3
A0A482JNV4	A0A8X8M7J7
A0A482JNV4	A0A6B9WG19
A0A482JNV4	I7K3T6
A0A482JNV4	A0A8X8RKY1
A0A482JNV4	A0A449C3W3
A0A482JNV4	A0A3G3BZS3
A0A482JNV4	E5FIM7
A0A482JNV4	A0A6B9X7K4
A0A482JNV4	A0A411BEC1
A0A482JNV4	A0A6C6XZ44
A0A482JNV4	A0A482JNV4
A0A482JNV4	A0A0K1LKM2
A0A482JNV4	A0A2S1GRM2
A0A482JNV4	A0A2S1GNZ5
A0A482JNV4	A0A858I6B3
A0A482JNV4	A0A7D5FKD4
A0A482JNV4	G3MV27
A0A482JNV4	A0A3Q9R9G4
A0A482JNV4	A0A172Q1X6
A0A482JNV4	D7RMI3
A0A482JNV4	C4MZR8
A0A482JNV4	A0A9E6Z7L2
A0A482JNV4	Q5QBW9
A0A482JNV4	A0A6H1Z6L5
A0A482JNV4	A0A0A7HCR3
A0A482JNV4	A0A7S9XCY9
A0A482JNV4	A0A7D7JVS8
A0A482JNV4	A0A410T524
A0A482JNV4	A0A0A7HFD8
A0A482JNV4	A0A8T8L7R9
A0A482JNV4	A0A0A7HC84
A0A482JNV4	A0A8E7FNM7
A0A482JNV4	A0A7U3TBV1
A0A482JNV4	A0A7G5BBY8
A0A482JNV4	A0A0A7HDJ4
A0A482JNV4	E3SEZ4
A0A482JNV4	A0A858I164
A0A482JNV4	E5FIM7
A0A482JNV4	A0A7M1IDR6
A0A482JNV4	A0A8T8IWA4
A0A482JNV4	A0A7D5JDQ1
A0A482JNV4	A0A5B9MYE6
A0A482JNV4	A0A193GZQ3
A0A482JNV4	A0A482GLD7
A0A482JNV4	A0A6M3G8R9
A0A482JNV4	A0A482MXA2
A0A482JNV4	A0A097J6P2
A0A482JNV4	A0A173GAB8
A0A482JNV4	C3V1N6
A0A482JNV4	A0A5B9MX09
A0A482JNV4	A0A7I8LPR2
A0A482JNV4	A0A7L8ZH48
A0A482JNV4	A0A1W5LJ72
A0A482JNV4	A0A8S4SMF2
A0A482JNV4	A0A2K9VN13
A0A482JNV4	A0A7S9XEW0
A0A482JNV4	A0A6B9WH84
A0A482JNV4	A0A8X8MAG4
A0A482JNV4	C3V2G3
A0A482JNV4	A0A6G8R9J2
A0A482JNV4	A0A482MYX5
A0A482JNV4	A0A9E7IQL0
A0A482JNV4	A0A4P8MVK0
A0A482JNV4	A0A4Y6ED85
A0A482JNV4	A0A9E7MZN6
A0A482JNV4	A0A9E7C6K0
A0A482JNV4	A0A2K9VFI1
A0A482JNV4	A0A7D5FQC6
A0A482JNV4	A0A976SR71
A0A482JNV4	I7K3T6
A0A482JNV4	A0A482GHM2
A0A482JNV4	A0A2S1GQ37
A0A482JNV4	A0A6B9LQV4
A0A482JNV4	A0A7I8V1K4
A0A482JNV4	A0A449C612
A0A482JNV4	A0A653G191
A0A482JNV4	A0A449C513
A0A482JNV4	A0A384TCU4
A0A482JNV4	A0A023ZUF6
A0A482JNV4	A0A653G0G4
A0A482JNV4	A0A6B9WG19
A0A482JNV4	A0A7T7GUI3
A0A482JNV4	A0A482N1J6
A0A482JNV4	A0A6B9WH69
A0A482JNV4	A0A3B8E144
A0A482JNV4	A0A6G8R864
A0A482JNV4	A0A0M7QBN3
A0A482JNV4	A0A7S6HSK4
A0A482JNV4	A0A8X8MDA5
A0A482JNV4	A0A1J0GTD7
A0A482JNV4	A0A2Z5H4D1
A0A482JNV4	A0A8X8M7J7
A0A482JNV4	A0A482GD62
A0A482JNV4	P32277
A0A482JNV4	A0A2K9VGH3
A0A482JNV4	A0A2U8QQB8
A0A482JNV4	A0A9E7NMS9
A0A482JNV4	D4Z9X6
A0A482JNV4	A0A1L7DRB6
A0A482JNV4	A0A3G3MB24
A0A482JNV4	A0A291LDB1
A0A482JNV4	A0A5B9MWN2
A0A482JNV4	A0A8E7C0F2
A0A482JNV4	G1FH99
A0A482JNV4	A0A3G9GV30
A0A482JNV4	A0A482GLL6
A0A482JNV4	A0A8X8RKY1
A0A482JNV4	A0A8X8RNP6
A0A482JNV4	A0A449C3W3
A0A482JNV4	A0A482N343
A0A482JNV4	A0A9E7LU10
A0A482JNV4	A0A8X8RNH9
A0A482JNV4	A0A9E8GC79
A0A482JNV4	A0A811AQN9
A0A482JNV4	A0A8X8RJR1
A0A482JNV4	A0A097BX35
A0A482JNV4	A0A097J5V3
A0A482JNV4	A0A8X8M9V9
A0A482JNV4	A0A455U0K4
A0A482JNV4	A0A6B9X7K4
A0A482JNV4	A0A0K1LKM2
A0A482JNV4	A0A6C6XZ44
A0A482JNV4	A0A411BEC1
A0A482JNV4	A0A482JNV4
A0A482JNV4	A0A0A7HFD8
A0A482JNV4	A0A7G5BBY8
A0A482JNV4	A0A0A7HCR3
A0A482JNV4	C4MZR8
A0A482JNV4	A0A858I6B3
A0A482JNV4	A0A8E7FNM7
A0A482JNV4	A0A2S1GRM2
A0A482JNV4	A0A3Q9R9G4
A0A482JNV4	A0A0A7HC84
A0A482JNV4	A0A2Z5WKR4
A0A482JNV4	A0A9E6Z7L2
A0A482JNV4	A0A2S1GNZ5
A0A482JNV4	E3SEZ4
A0A482JNV4	A0A7D5FKD4
A0A482JNV4	G3MV27
A0A482JNV4	D7RMI3
A0A482JNV4	A0A7S9XCY9
A0A482JNV4	A0A7D7JVS8
A0A482JNV4	A0A858I164
A0A482JNV4	Q5QBW9
A0A482JNV4	A0A6H1Z6L5
A0A482JNV4	A0A172Q1X6
A0A482JNV4	A0A410T524
A0A482JNV4	A0A8T8L7R9
A0A482JNV4	A0A0A7HDJ4
A0A482JNV4	A0A7U3TBV1
A0A482JNV4	A0A3G3BZS3
A0A482JNV4	A0A2K9VFI1
A0A482JNV4	A0A449C513
A0A482JNV4	A0A7D5FQC6
A0A482JNV4	A0A7I8V1K4
A0A482JNV4	A0A173GAB8
A0A482JNV4	E5FIM7
A0A482JNV4	A0A482MYX5
A0A482JNV4	A0A482N1J6
A0A482JNV4	A0A2K9VGH3
A0A482JNV4	A0A2U8QQB8
A0A482JNV4	A0A9E7IQL0
A0A482JNV4	A0A1L7DRB6
A0A482JNV4	A0A9E7MZN6
A0A482JNV4	C3V1N6
A0A482JNV4	A0A653G191
A0A482JNV4	A0A8X8MAG4
A0A482JNV4	A0A9E8GC79
A0A482JNV4	A0A4P8MVK0
A0A482JNV4	A0A2S1GQ37
A0A482JNV4	A0A6G8R9J2
A0A482JNV4	A0A6B9LQV4
A0A482JNV4	A0A3B8E144
A0A482JNV4	A0A9E7C6K0
A0A482JNV4	A0A8S4SMF2
A0A482JNV4	A0A6M3G8R9
A0A482JNV4	A0A482MXA2
A0A482JNV4	A0A2K9VN13
A0A482JNV4	A0A097J6P2
A0A482JNV4	A0A5B9MX09
A0A482JNV4	A0A2Z5H4D1
A0A482JNV4	A0A482GLL6
A0A482JNV4	A0A482GLD7
A0A482JNV4	A0A9E7NMS9
A0A482JNV4	D4Z9X6
A0A482JNV4	A0A0M7QBN3
A0A482JNV4	A0A193GZQ3
A0A482JNV4	A0A976SR71
A0A482JNV4	A0A9E7LU10
A0A482JNV4	A0A5B9MWN2
A0A482JNV4	A0A6B9WH69
A0A482JNV4	A0A7D5JDQ1
A0A482JNV4	A0A3G9GV30
A0A482JNV4	A0A291LDB1
A0A482JNV4	A0A384TCU4
A0A482JNV4	A0A482N343
A0A482JNV4	A0A7S9XEW0
A0A482JNV4	A0A6B9WG19
A0A482JNV4	A0A8X8M9V9
A0A482JNV4	A0A7I8LPR2
A0A482JNV4	A0A7L8ZH48
A0A482JNV4	A0A8X8RNH9
A0A482JNV4	A0A482GHM2
A0A482JNV4	A0A4Y6ED85
A0A482JNV4	A0A7M1IDR6
A0A482JNV4	A0A1J0GTD7
A0A482JNV4	A0A8X8RNP6
A0A482JNV4	I7K3T6
A0A482JNV4	C3V2G3
A0A482JNV4	A0A6G8R864
A0A482JNV4	A0A8T8IWA4
A0A482JNV4	A0A449C3W3
A0A482JNV4	A0A449C612
A0A482JNV4	A0A8X8RJR1
A0A482JNV4	A0A5B9MYE6
A0A482JNV4	G1FH99
A0A482JNV4	A0A097BX35
A0A482JNV4	A0A097J5V3
A0A482JNV4	A0A023ZUF6
A0A482JNV4	A0A1W5LJ72
A0A482JNV4	A0A8X8MDA5
A0A482JNV4	A0A8E7C0F2
A0A482JNV4	A0A7T7GUI3
A0A482JNV4	A0A8X8RKY1
A0A482JNV4	A0A8X8M7J7
A0A482JNV4	A0A653G0G4
A0A482JNV4	A0A811AQN9
A0A482JNV4	A0A7S6HSK4
A0A482JNV4	A0A6B9WH84
A0A482JNV4	A0A482GD62
A0A482JNV4	P32277
A0A482JNV4	A0A455U0K4
A0A482JNV4	A0A3G3MB24
A0A482JNV4	A0A0K1LKM2
A0A482JNV4	A0A6B9X7K4
A0A482JNV4	A0A6C6XZ44
A0A482JNV4	A0A482JNV4
A0A482JNV4	A0A411BEC1
A0A482JNV4	A0A2Z5WKR4
A0A482JNV4	A0A2S1GRM2
A0A482JNV4	C4MZR8
A0A482JNV4	A0A9E6Z7L2
A0A482JNV4	A0A3Q9R9G4
A0A482JNV4	A0A172Q1X6
A0A482JNV4	A0A0A7HFD8
A0A482JNV4	G3MV27
A0A482JNV4	A0A6H1Z6L5
A0A482JNV4	A0A7D7JVS8
A0A482JNV4	A0A2S1GNZ5
A0A482JNV4	A0A7D5FKD4
A0A482JNV4	A0A858I6B3
A0A482JNV4	A0A8E7FNM7
A0A482JNV4	A0A7S9XCY9
A0A482JNV4	A0A0A7HC84
A0A482JNV4	A0A0A7HDJ4
A0A482JNV4	A0A0A7HCR3
A0A482JNV4	A0A8T8L7R9
A0A482JNV4	D7RMI3
A0A482JNV4	Q5QBW9
A0A482JNV4	A0A410T524
A0A482JNV4	A0A7G5BBY8
A0A482JNV4	A0A7U3TBV1
A0A482JNV4	E3SEZ4
A0A482JNV4	A0A858I164
A0A482JNV4	A0A3G3BZS3
A0A482JNV4	E5FIM7
A0A482JNV4	A0A7M1IDR6
A0A482JNV4	A0A7D5JDQ1
A0A482JNV4	A0A8T8IWA4
A0A482JNV4	A0A5B9MX09
A0A482JNV4	A0A2K9VN13
A0A482JNV4	A0A2K9VFI1
A0A482JNV4	A0A193GZQ3
A0A482JNV4	A0A6G8R9J2
A0A482JNV4	A0A8X8MAG4
A0A482JNV4	A0A173GAB8
A0A482JNV4	A0A5B9MYE6
A0A482JNV4	A0A2U8QQB8
A0A482JNV4	A0A449C513
A0A482JNV4	A0A8S4SMF2
A0A482JNV4	A0A6M3G8R9
A0A482JNV4	A0A7D5FQC6
A0A482JNV4	A0A482MXA2
A0A482JNV4	A0A7S9XEW0
A0A482JNV4	A0A6B9WH84
A0A482JNV4	A0A0K1LKM2
A0A482JNV4	A0A097J6P2
A0A482JNV4	A0A2K9VGH3
A0A482JNV4	A0A976SR71
A0A482JNV4	A0A6B9LQV4
A0A482JNV4	A0A7I8V1K4
A0A482JNV4	A0A7I8LPR2
A0A482JNV4	A0A7L8ZH48
A0A482JNV4	A0A482MYX5
A0A482JNV4	A0A9E7IQL0
A0A482JNV4	A0A482GLD7
A0A482JNV4	A0A449C612
A0A482JNV4	C3V2G3
A0A482JNV4	A0A4Y6ED85
A0A482JNV4	A0A9E7MZN6
A0A482JNV4	C3V1N6
A0A482JNV4	A0A482N1J6
A0A482JNV4	A0A384TCU4
A0A482JNV4	A0A4P8MVK0
A0A482JNV4	A0A0M7QBN3
A0A482JNV4	A0A2S1GQ37
A0A482JNV4	A0A6B9WH69
A0A482JNV4	A0A1L7DRB6
A0A482JNV4	A0A3B8E144
A0A482JNV4	A0A653G191
A0A482JNV4	A0A9E7C6K0
A0A482JNV4	A0A023ZUF6
A0A482JNV4	A0A9E7LU10
A0A482JNV4	A0A6B9WG19
A0A482JNV4	A0A2Z5H4D1
A0A482JNV4	A0A482N343
A0A482JNV4	A0A1W5LJ72
A0A482JNV4	A0A9E7NMS9
A0A482JNV4	A0A449C3W3
A0A482JNV4	A0A482GHM2
A0A482JNV4	A0A5B9MWN2
A0A482JNV4	D4Z9X6
A0A482JNV4	I7K3T6
A0A482JNV4	A0A482GD62
A0A482JNV4	A0A7T7GUI3
A0A482JNV4	P32277
A0A482JNV4	A0A3G9GV30
A0A482JNV4	A0A1J0GTD7
A0A482JNV4	A0A291LDB1
A0A482JNV4	A0A7S6HSK4
A0A482JNV4	A0A8X8MDA5
A0A482JNV4	A0A6B9X7K4
A0A482JNV4	A0A411BEC1
A0A482JNV4	A0A811AQN9
A0A482JNV4	A0A653G0G4
A0A482JNV4	A0A482GLL6
A0A482JNV4	A0A8X8RNH9
A0A482JNV4	A0A9E8GC79
A0A482JNV4	A0A6G8R864
A0A482JNV4	A0A8X8M9V9
A0A482JNV4	A0A8X8M7J7
A0A482JNV4	A0A6C6XZ44
A0A482JNV4	A0A8X8RJR1
A0A482JNV4	G1FH99
A0A482JNV4	A0A8X8RNP6
A0A482JNV4	A0A097J5V3
A0A482JNV4	A0A8E7C0F2
A0A482JNV4	A0A8X8RKY1
A0A482JNV4	A0A3G3MB24
A0A482JNV4	A0A455U0K4
A0A482JNV4	A0A097BX35
A0A482JNV4	A0A482JNV4
A0A482JNV4	A0A7S9XCY9
A0A482JNV4	A0A2S1GRM2
A0A482JNV4	D7RMI3
A0A482JNV4	A0A858I6B3
A0A482JNV4	A0A8E7FNM7
A0A482JNV4	A0A7D5FKD4
A0A482JNV4	G3MV27
A0A482JNV4	A0A0A7HFD8
A0A482JNV4	A0A172Q1X6
A0A482JNV4	A0A410T524
A0A482JNV4	A0A3Q9R9G4
A0A482JNV4	A0A9E6Z7L2
A0A482JNV4	A0A2S1GNZ5
A0A482JNV4	Q5QBW9
A0A482JNV4	C4MZR8
A0A482JNV4	A0A6H1Z6L5
A0A482JNV4	A0A0A7HCR3
A0A482JNV4	A0A7D7JVS8
A0A482JNV4	A0A0A7HC84
A0A482JNV4	A0A8T8L7R9
A0A482JNV4	A0A0A7HDJ4
A0A482JNV4	A0A7G5BBY8
A0A482JNV4	A0A2Z5WKR4
A0A482JNV4	A0A7U3TBV1
A0A482JNV4	E3SEZ4
A0A482JNV4	A0A858I164
A0A482JNV4	A0A3G3BZS3
A0A482JNV4	A0A2K9VFI1
A0A482JNV4	A0A173GAB8
A0A482JNV4	A0A449C513
A0A482JNV4	A0A7D5FQC6
A0A482JNV4	A0A7I8V1K4
A0A482JNV4	A0A2U8QQB8
A0A482JNV4	A0A482MYX5
A0A482JNV4	A0A9E7IQL0
A0A482JNV4	A0A482N1J6
A0A482JNV4	E5FIM7
A0A482JNV4	A0A2K9VGH3
A0A482JNV4	A0A9E7MZN6
A0A482JNV4	C3V1N6
A0A482JNV4	A0A4P8MVK0
A0A482JNV4	A0A8X8MAG4
A0A482JNV4	A0A1L7DRB6
A0A482JNV4	A0A2S1GQ37
A0A482JNV4	A0A653G191
A0A482JNV4	A0A9E7C6K0
A0A482JNV4	A0A097J6P2
A0A482JNV4	A0A3B8E144
A0A482JNV4	A0A2K9VN13
A0A482JNV4	A0A7D5JDQ1
A0A482JNV4	A0A5B9MX09
A0A482JNV4	A0A2Z5H4D1
A0A482JNV4	A0A482GHM2
A0A482JNV4	A0A9E7NMS9
A0A482JNV4	D4Z9X6
A0A482JNV4	A0A193GZQ3
A0A482JNV4	A0A9E7LU10
A0A482JNV4	A0A482GLL6
A0A482JNV4	A0A8X8RJR1
A0A482JNV4	A0A8S4SMF2
A0A482JNV4	A0A5B9MWN2
A0A482JNV4	A0A6M3G8R9
A0A482JNV4	A0A482MXA2
A0A482JNV4	A0A291LDB1
A0A482JNV4	A0A6G8R9J2
A0A482JNV4	A0A7S9XEW0
A0A482JNV4	A0A7I8LPR2
A0A482JNV4	A0A7L8ZH48
A0A482JNV4	A0A449C612
A0A482JNV4	C3V2G3
A0A482JNV4	A0A482GLD7
A0A482JNV4	A0A097BX35
A0A482JNV4	A0A1J0GTD7
A0A482JNV4	A0A8X8M9V9
A0A482JNV4	A0A8X8RNH9
A0A482JNV4	A0A9E8GC79
A0A482JNV4	A0A4Y6ED85
A0A482JNV4	A0A6G8R864
A0A482JNV4	A0A8X8RNP6
A0A482JNV4	A0A7M1IDR6
A0A482JNV4	A0A8E7C0F2
A0A482JNV4	G1FH99
A0A482JNV4	A0A976SR71
A0A482JNV4	A0A097J5V3
A0A482JNV4	A0A023ZUF6
A0A482JNV4	A0A6B9LQV4
A0A482JNV4	A0A1W5LJ72
A0A482JNV4	A0A384TCU4
A0A482JNV4	A0A8T8IWA4
A0A482JNV4	A0A0M7QBN3
A0A482JNV4	A0A5B9MYE6
A0A482JNV4	A0A6B9WH69
A0A482JNV4	A0A482N343
A0A482JNV4	A0A811AQN9
A0A482JNV4	A0A7S6HSK4
A0A482JNV4	A0A6B9WH84
A0A482JNV4	A0A482GD62
A0A482JNV4	A0A8X8MDA5
A0A482JNV4	A0A7T7GUI3
A0A482JNV4	P32277
A0A482JNV4	A0A653G0G4
A0A482JNV4	A0A6B9WG19
A0A482JNV4	I7K3T6
A0A482JNV4	A0A3G9GV30
A0A482JNV4	A0A455U0K4
A0A482JNV4	A0A449C3W3
A0A482JNV4	A0A3G3MB24
A0A482JNV4	A0A8X8RKY1
A0A482JNV4	A0A8X8M7J7
A0A482JNV4	A0A6B9X7K4
A0A482JNV4	A0A6C6XZ44
A0A482JNV4	A0A0K1LKM2
A0A482JNV4	A0A411BEC1
A0A482JNV4	A0A482JNV4
A0A482JNV4	A0A0A7HFD8
A0A482JNV4	C4MZR8
A0A482JNV4	A0A9E6Z7L2
A0A482JNV4	A0A2S1GRM2
A0A482JNV4	A0A858I6B3
A0A482JNV4	G3MV27
A0A482JNV4	A0A2S1GNZ5
A0A482JNV4	A0A7D5FKD4
A0A482JNV4	A0A3Q9R9G4
A0A482JNV4	A0A172Q1X6
A0A482JNV4	A0A6H1Z6L5
A0A482JNV4	A0A7S9XCY9
A0A482JNV4	Q5QBW9
A0A482JNV4	D7RMI3
A0A482JNV4	A0A8E7FNM7
A0A482JNV4	A0A410T524
A0A482JNV4	A0A2Z5WKR4
A0A482JNV4	A0A0A7HDJ4
A0A482JNV4	A0A7D7JVS8
A0A482JNV4	A0A0A7HCR3
A0A482JNV4	A0A0A7HC84
A0A482JNV4	A0A8T8L7R9
A0A482JNV4	A0A7G5BBY8
A0A482JNV4	A0A7U3TBV1
A0A482JNV4	E3SEZ4
A0A482JNV4	A0A858I164
A0A482JNV4	A0A3G3BZS3
A0A482JNV4	I7K3T6
A0A482JNV4	A0A0M7QBN3
A0A482JNV4	A0A6B9WH69
A0A482JNV4	A0A6B9WG19
A0A482JNV4	A0A6B9LQV4
A0A482JNV4	A0A976SR71
A0A482JNV4	A0A8X8M7J7
A0A482JNV4	A0A449C3W3
A0A482JNV4	A0A482N343
A0A482JNV4	A0A384TCU4
A0A482JNV4	A0A8X8RKY1
A0A482JNV4	A0A7D5JDQ1
A0A482JNV4	A0A6G8R9J2
A0A482JNV4	A0A449C612
A0A482JNV4	C3V2G3
A0A482JNV4	A0A8X8RNP6
A0A482JNV4	A0A2Z5H4D1
A0A482JNV4	A0A3B8E144
A0A482JNV4	A0A8X8RNH9
A0A482JNV4	A0A5B9MWN2
A0A482JNV4	A0A8X8M9V9
A0A482JNV4	A0A9E7NMS9
A0A482JNV4	D4Z9X6
A0A482JNV4	A0A6G8R864
A0A482JNV4	A0A455U0K4
A0A482JNV4	A0A291LDB1
A0A482JNV4	G1FH99
A0A482JNV4	A0A6M3G8R9
A0A482JNV4	A0A097J5V3
A0A482JNV4	A0A8X8RJR1
A0A482JNV4	A0A9E7LU10
A0A482JNV4	A0A7I8V1K4
A0A482JNV4	A0A7D5FQC6
A0A482JNV4	A0A482GHM2
A0A482JNV4	A0A482MYX5
A0A482JNV4	A0A9E8GC79
A0A482JNV4	A0A482GLD7
A0A482JNV4	A0A8S4SMF2
A0A482JNV4	A0A482MXA2
A0A482JNV4	A0A811AQN9
A0A482JNV4	A0A8X8MAG4
A0A482JNV4	A0A7M1IDR6
A0A482JNV4	A0A173GAB8
A0A482JNV4	A0A4Y6ED85
A0A482JNV4	A0A449C513
A0A482JNV4	A0A193GZQ3
A0A482JNV4	A0A482N1J6
A0A482JNV4	A0A1J0GTD7
A0A482JNV4	A0A8T8IWA4
A0A482JNV4	A0A8X8MDA5
A0A482JNV4	A0A3G9GV30
A0A482JNV4	A0A5B9MYE6
A0A482JNV4	A0A653G191
A0A482JNV4	A0A097BX35
A0A482JNV4	A0A5B9MX09
A0A482JNV4	A0A3G3MB24
A0A482JNV4	A0A2U8QQB8
A0A482JNV4	A0A9E7MZN6
A0A482JNV4	C3V1N6
A0A482JNV4	A0A7S9XEW0
A0A482JNV4	A0A7L8ZH48
A0A482JNV4	A0A9E7IQL0
A0A482JNV4	A0A1L7DRB6
A0A482JNV4	A0A4P8MVK0
A0A482JNV4	A0A482GLL6
A0A482JNV4	A0A7T7GUI3
A0A482JNV4	A0A2K9VN13
A0A482JNV4	A0A7I8LPR2
A0A482JNV4	A0A097J6P2
A0A482JNV4	A0A2K9VFI1
A0A482JNV4	A0A023ZUF6
A0A482JNV4	A0A1W5LJ72
A0A482JNV4	A0A653G0G4
A0A482JNV4	A0A7S6HSK4
A0A482JNV4	A0A6B9WH84
A0A482JNV4	A0A482GD62
A0A482JNV4	P32277
A0A482JNV4	A0A9E7C6K0
A0A482JNV4	A0A2K9VGH3
A0A482JNV4	A0A8E7C0F2
A0A482JNV4	A0A2S1GQ37
A0A482JNV4	E5FIM7
A0A482JNV4	A0A2Z5WKR4
A0A482JNV4	A0A6B9X7K4
A0A482JNV4	A0A0K1LKM2
A0A482JNV4	A0A6C6XZ44
A0A482JNV4	A0A482JNV4
A0A482JNV4	A0A411BEC1
A0A482JNV4	A0A3G3BZS3
A0A482JNV4	A0A2S1GNZ5
A0A482JNV4	A0A2S1GRM2
A0A482JNV4	A0A858I6B3
A0A482JNV4	A0A3Q9R9G4
A0A482JNV4	A0A172Q1X6
A0A482JNV4	C4MZR8
A0A482JNV4	A0A9E6Z7L2
A0A482JNV4	Q5QBW9
A0A482JNV4	G3MV27
A0A482JNV4	A0A6H1Z6L5
A0A482JNV4	A0A7D5FKD4
A0A482JNV4	D7RMI3
A0A482JNV4	A0A7S9XCY9
A0A482JNV4	A0A0A7HFD8
A0A482JNV4	A0A410T524
A0A482JNV4	A0A8E7FNM7
A0A482JNV4	A0A0A7HCR3
A0A482JNV4	A0A7D7JVS8
A0A482JNV4	A0A8T8L7R9
A0A482JNV4	A0A7U3TBV1
A0A482JNV4	A0A0A7HDJ4
A0A482JNV4	A0A0A7HC84
A0A482JNV4	A0A7G5BBY8
A0A482JNV4	E3SEZ4
A0A482JNV4	A0A858I164
A0A482JNV4	C3V1N6
A0A482JNV4	A0A097J6P2
A0A482JNV4	A0A173GAB8
A0A482JNV4	A0A653G0G4
A0A482JNV4	A0A9E7C6K0
A0A482JNV4	A0A6G8R9J2
A0A482JNV4	A0A482MYX5
A0A482JNV4	A0A9E7IQL0
A0A482JNV4	A0A4P8MVK0
A0A482JNV4	A0A449C612
A0A482JNV4	A0A9E7MZN6
A0A482JNV4	A0A2K9VFI1
A0A482JNV4	A0A7D5FQC6
A0A482JNV4	A0A976SR71
A0A482JNV4	A0A8X8MAG4
A0A482JNV4	A0A9E8GC79
A0A482JNV4	C3V2G3
A0A482JNV4	A0A5B9MYE6
A0A482JNV4	A0A8T8IWA4
A0A482JNV4	A0A7I8V1K4
A0A482JNV4	A0A3B8E144
A0A482JNV4	A0A6G8R864
A0A482JNV4	A0A482GLD7
A0A482JNV4	A0A653G191
A0A482JNV4	A0A449C513
A0A482JNV4	A0A6M3G8R9
A0A482JNV4	A0A384TCU4
A0A482JNV4	A0A0M7QBN3
A0A482JNV4	A0A482MXA2
A0A482JNV4	A0A482N1J6
A0A482JNV4	A0A1J0GTD7
A0A482JNV4	A0A2Z5H4D1
A0A482JNV4	A0A2S1GQ37
A0A482JNV4	A0A6B9WH69
A0A482JNV4	A0A8S4SMF2
A0A482JNV4	A0A9E7NMS9
A0A482JNV4	A0A193GZQ3
A0A482JNV4	A0A811AQN9
A0A482JNV4	A0A8X8M7J7
A0A482JNV4	A0A7D5JDQ1
A0A482JNV4	A0A482GHM2
A0A482JNV4	A0A5B9MX09
A0A482JNV4	A0A8X8RNP6
A0A482JNV4	A0A5B9MWN2
A0A482JNV4	G1FH99
A0A482JNV4	A0A2K9VGH3
A0A482JNV4	A0A3G9GV30
A0A482JNV4	A0A2U8QQB8
A0A482JNV4	A0A8X8RJR1
A0A482JNV4	A0A3G3MB24
A0A482JNV4	A0A291LDB1
A0A482JNV4	A0A7S9XEW0
A0A482JNV4	A0A6B9WG19
A0A482JNV4	A0A6B9LQV4
A0A482JNV4	I7K3T6
A0A482JNV4	A0A7I8LPR2
A0A482JNV4	A0A8X8RKY1
A0A482JNV4	A0A7L8ZH48
A0A482JNV4	A0A1W5LJ72
A0A482JNV4	A0A097BX35
A0A482JNV4	A0A1L7DRB6
A0A482JNV4	A0A7M1IDR6
A0A482JNV4	A0A8E7C0F2
A0A482JNV4	A0A482N343
A0A482JNV4	A0A449C3W3
A0A482JNV4	A0A7T7GUI3
A0A482JNV4	D4Z9X6
A0A482JNV4	A0A2K9VN13
A0A482JNV4	A0A9E7LU10
A0A482JNV4	A0A482GLL6
A0A482JNV4	A0A8X8RNH9
A0A482JNV4	A0A4Y6ED85
A0A482JNV4	A0A097J5V3
A0A482JNV4	A0A023ZUF6
A0A482JNV4	A0A7S6HSK4
A0A482JNV4	A0A8X8MDA5
A0A482JNV4	A0A0K1LKM2
A0A482JNV4	A0A8X8M9V9
A0A482JNV4	A0A6B9WH84
A0A482JNV4	A0A482GD62
A0A482JNV4	P32277
A0A482JNV4	A0A411BEC1
A0A482JNV4	A0A6B9X7K4
A0A482JNV4	A0A482JNV4
A0A482JNV4	A0A455U0K4
A0A482JNV4	A0A6C6XZ44
A0A482JNV4	E5FIM7
A0A482JNV4	A0A0A7HCR3
A0A482JNV4	A0A8T8L7R9
A0A482JNV4	A0A7D7JVS8
A0A482JNV4	A0A0A7HFD8
A0A482JNV4	A0A7D5FKD4
A0A482JNV4	A0A7S9XCY9
A0A482JNV4	A0A2S1GRM2
A0A482JNV4	G3MV27
A0A482JNV4	A0A8E7FNM7
A0A482JNV4	C4MZR8
A0A482JNV4	A0A410T524
A0A482JNV4	A0A3Q9R9G4
A0A482JNV4	A0A172Q1X6
A0A482JNV4	D7RMI3
A0A482JNV4	A0A858I6B3
A0A482JNV4	A0A858I164
A0A482JNV4	A0A7G5BBY8
A0A482JNV4	A0A2S1GNZ5
A0A482JNV4	A0A9E6Z7L2
A0A482JNV4	A0A0A7HDJ4
A0A482JNV4	A0A6H1Z6L5
A0A482JNV4	Q5QBW9
A0A482JNV4	A0A0A7HC84
A0A482JNV4	A0A7U3TBV1
A0A482JNV4	E3SEZ4
A0A482JNV4	A0A2Z5WKR4
A0A482JNV4	A0A3G3BZS3
A0A482JNV4	C4MZR8
A0A482JNV4	A0A9E6Z7L2
A0A482JNV4	A0A6H1Z6L5
A0A482JNV4	A0A172Q1X6
A0A482JNV4	G3MV27
A0A482JNV4	A0A7D5FKD4
A0A482JNV4	A0A858I6B3
A0A482JNV4	A0A0A7HFD8
A0A482JNV4	A0A2S1GNZ5
A0A482JNV4	A0A2S1GRM2
A0A482JNV4	Q5QBW9
A0A482JNV4	A0A3Q9R9G4
A0A482JNV4	A0A8E7FNM7
A0A482JNV4	D7RMI3
A0A482JNV4	A0A410T524
A0A482JNV4	A0A7S9XCY9
A0A482JNV4	A0A0A7HDJ4
A0A482JNV4	A0A8T8L7R9
A0A482JNV4	A0A7U3TBV1
A0A482JNV4	A0A7D7JVS8
A0A482JNV4	A0A0A7HC84
A0A482JNV4	A0A0A7HCR3
A0A482JNV4	E3SEZ4
A0A482JNV4	A0A7G5BBY8
A0A482JNV4	A0A858I164
A0A482JNV4	A0A6B9X7K4
A0A482JNV4	A0A6C6XZ44
A0A482JNV4	A0A0K1LKM2
A0A482JNV4	A0A482JNV4
A0A482JNV4	A0A411BEC1
A0A482JNV4	E5FIM7
A0A482JNV4	A0A8X8MAG4
A0A482JNV4	A0A482N1J6
A0A482JNV4	A0A2K9VFI1
A0A482JNV4	A0A173GAB8
A0A482JNV4	A0A449C513
A0A482JNV4	A0A482MYX5
A0A482JNV4	A0A1L7DRB6
A0A482JNV4	A0A7D5FQC6
A0A482JNV4	A0A2K9VN13
A0A482JNV4	A0A7I8V1K4
A0A482JNV4	A0A9E7IQL0
A0A482JNV4	A0A384TCU4
A0A482JNV4	A0A097J6P2
A0A482JNV4	A0A2K9VGH3
A0A482JNV4	A0A2U8QQB8
A0A482JNV4	A0A9E7MZN6
A0A482JNV4	C3V1N6
A0A482JNV4	A0A4P8MVK0
A0A482JNV4	A0A653G191
A0A482JNV4	A0A9E7C6K0
A0A482JNV4	A0A482N343
A0A482JNV4	A0A9E7NMS9
A0A482JNV4	A0A8X8M9V9
A0A482JNV4	A0A9E8GC79
A0A482JNV4	A0A5B9MWN2
A0A482JNV4	D4Z9X6
A0A482JNV4	A0A6G8R864
A0A482JNV4	A0A976SR71
A0A482JNV4	A0A7S9XEW0
A0A482JNV4	A0A7I8LPR2
A0A482JNV4	A0A7L8ZH48
A0A482JNV4	A0A482GHM2
A0A482JNV4	A0A1J0GTD7
A0A482JNV4	A0A9E7LU10
A0A482JNV4	A0A449C612
A0A482JNV4	A0A8X8RJR1
A0A482JNV4	A0A0M7QBN3
A0A482JNV4	A0A482GLL6
A0A482JNV4	A0A8X8RNH9
A0A482JNV4	A0A4Y6ED85
A0A482JNV4	A0A3B8E144
A0A482JNV4	A0A5B9MX09
A0A482JNV4	A0A3G3MB24
A0A482JNV4	A0A8S4SMF2
A0A482JNV4	A0A8E7C0F2
A0A482JNV4	A0A6B9WH69
A0A482JNV4	A0A291LDB1
A0A482JNV4	A0A2Z5H4D1
A0A482JNV4	A0A6M3G8R9
A0A482JNV4	G1FH99
A0A482JNV4	A0A193GZQ3
A0A482JNV4	A0A482MXA2
A0A482JNV4	A0A6G8R9J2
A0A482JNV4	A0A6B9WG19
A0A482JNV4	A0A7T7GUI3
A0A482JNV4	A0A097J5V3
A0A482JNV4	A0A023ZUF6
A0A482JNV4	A0A1W5LJ72
A0A482JNV4	A0A482GLD7
A0A482JNV4	A0A6B9LQV4
A0A482JNV4	I7K3T6
A0A482JNV4	A0A7D5JDQ1
A0A482JNV4	A0A653G0G4
A0A482JNV4	A0A449C3W3
A0A482JNV4	C3V2G3
A0A482JNV4	A0A7S6HSK4
A0A482JNV4	A0A8X8RKY1
A0A482JNV4	A0A6B9WH84
A0A482JNV4	A0A482GD62
A0A482JNV4	P32277
A0A482JNV4	A0A7M1IDR6
A0A482JNV4	A0A2S1GQ37
A0A482JNV4	A0A8X8M7J7
A0A482JNV4	A0A3G9GV30
A0A482JNV4	A0A455U0K4
A0A482JNV4	A0A8X8RNP6
A0A482JNV4	A0A8T8IWA4
A0A482JNV4	A0A097BX35
A0A482JNV4	A0A5B9MYE6
A0A482JNV4	A0A811AQN9
A0A482JNV4	A0A8X8MDA5
A0A482JNV4	A0A2Z5WKR4
A0A482JNV4	A0A3G3BZS3
A0A482JNV4	A0A2K9VFI1
A0A482JNV4	A0A7I8V1K4
A0A482JNV4	A0A7D5FQC6
A0A482JNV4	A0A7D5JDQ1
A0A482JNV4	A0A449C513
A0A482JNV4	A0A2K9VGH3
A0A482JNV4	A0A6B9LQV4
A0A482JNV4	A0A482N1J6
A0A482JNV4	A0A0M7QBN3
A0A482JNV4	A0A2U8QQB8
A0A482JNV4	A0A6B9WG19
A0A482JNV4	A0A8X8M9V9
A0A482JNV4	A0A1L7DRB6
A0A482JNV4	A0A6B9WH69
A0A482JNV4	A0A482MYX5
A0A482JNV4	A0A8X8RNP6
A0A482JNV4	A0A482N343
A0A482JNV4	I7K3T6
A0A482JNV4	A0A2K9VN13
A0A482JNV4	A0A2Z5H4D1
A0A482JNV4	A0A8X8RNH9
A0A482JNV4	A0A173GAB8
A0A482JNV4	A0A4Y6ED85
A0A482JNV4	A0A3B8E144
A0A482JNV4	A0A976SR71
A0A482JNV4	A0A653G191
A0A482JNV4	A0A5B9MX09
A0A482JNV4	A0A193GZQ3
A0A482JNV4	A0A8X8M7J7
A0A482JNV4	A0A449C3W3
A0A482JNV4	A0A8X8MAG4
A0A482JNV4	A0A6G8R864
A0A482JNV4	A0A1J0GTD7
A0A482JNV4	A0A5B9MWN2
A0A482JNV4	A0A6M3G8R9
A0A482JNV4	A0A097J6P2
A0A482JNV4	A0A9E8GC79
A0A482JNV4	A0A9E7MZN6
A0A482JNV4	C3V1N6
A0A482JNV4	A0A8S4SMF2
A0A482JNV4	A0A9E7NMS9
A0A482JNV4	A0A384TCU4
A0A482JNV4	D4Z9X6
A0A482JNV4	A0A7S9XEW0
A0A482JNV4	A0A7L8ZH48
A0A482JNV4	A0A482GHM2
A0A482JNV4	A0A9E7IQL0
A0A482JNV4	A0A4P8MVK0
A0A482JNV4	A0A482GLL6
A0A482JNV4	A0A7T7GUI3
A0A482JNV4	A0A6G8R9J2
A0A482JNV4	A0A7I8LPR2
A0A482JNV4	A0A8X8RKY1
A0A482JNV4	A0A482GLD7
A0A482JNV4	A0A482MXA2
A0A482JNV4	A0A455U0K4
A0A482JNV4	A0A8X8RJR1
A0A482JNV4	A0A7M1IDR6
A0A482JNV4	A0A291LDB1
A0A482JNV4	G1FH99
A0A482JNV4	C3V2G3
A0A482JNV4	A0A097J5V3
A0A482JNV4	A0A023ZUF6
A0A482JNV4	A0A1W5LJ72
A0A482JNV4	A0A8T8IWA4
A0A482JNV4	A0A9E7LU10
A0A482JNV4	A0A8X8MDA5
A0A482JNV4	A0A449C612
A0A482JNV4	A0A5B9MYE6
A0A482JNV4	A0A7S6HSK4
A0A482JNV4	A0A6B9WH84
A0A482JNV4	A0A482GD62
A0A482JNV4	P32277
A0A482JNV4	A0A9E7C6K0
A0A482JNV4	A0A811AQN9
A0A482JNV4	A0A8E7C0F2
A0A482JNV4	A0A3G9GV30
A0A482JNV4	A0A2S1GQ37
A0A482JNV4	A0A097BX35
A0A482JNV4	A0A3G3MB24
A0A482JNV4	A0A653G0G4
A0A482JNV4	E5FIM7
A0A482JNV4	A0A2Z5WKR4
A0A482JNV4	A0A0K1LKM2
A0A482JNV4	A0A6B9X7K4
A0A482JNV4	A0A6C6XZ44
A0A482JNV4	A0A411BEC1
A0A482JNV4	A0A482JNV4
A0A482JNV4	A0A3G3BZS3
A0A482JNV4	A0A172Q1X6
A0A482JNV4	C4MZR8
A0A482JNV4	A0A2S1GRM2
A0A482JNV4	A0A9E6Z7L2
A0A482JNV4	A0A6H1Z6L5
A0A482JNV4	A0A2S1GNZ5
A0A482JNV4	A0A858I6B3
A0A482JNV4	A0A0A7HCR3
A0A482JNV4	G3MV27
A0A482JNV4	A0A3Q9R9G4
A0A482JNV4	A0A7D5FKD4
A0A482JNV4	A0A7D7JVS8
A0A482JNV4	Q5QBW9
A0A482JNV4	D7RMI3
A0A482JNV4	A0A0A7HFD8
A0A482JNV4	A0A410T524
A0A482JNV4	A0A8T8L7R9
A0A482JNV4	A0A0A7HC84
A0A482JNV4	A0A8E7FNM7
A0A482JNV4	A0A7U3TBV1
A0A482JNV4	A0A7S9XCY9
A0A482JNV4	A0A0A7HDJ4
A0A482JNV4	A0A7G5BBY8
A0A482JNV4	E3SEZ4
A0A482JNV4	A0A858I164
A0A482JNV4	A0A0A7HCR3
A0A482JNV4	A0A8T8L7R9
A0A482JNV4	A0A7D7JVS8
A0A482JNV4	A0A0A7HDJ4
A0A482JNV4	A0A858I164
A0A482JNV4	A0A0A7HC84
A0A482JNV4	A0A7U3TBV1
A0A482JNV4	E3SEZ4
A0A482JNV4	A0A7G5BBY8
A0A482JNV4	A0A172Q1X6
A0A482JNV4	A0A2S1GRM2
A0A482JNV4	A0A7S9XCY9
A0A482JNV4	G3MV27
A0A482JNV4	A0A7D5FKD4
A0A482JNV4	A0A2S1GNZ5
A0A482JNV4	C4MZR8
A0A482JNV4	D7RMI3
A0A482JNV4	A0A410T524
A0A482JNV4	A0A0A7HFD8
A0A482JNV4	A0A9E6Z7L2
A0A482JNV4	A0A6H1Z6L5
A0A482JNV4	A0A3Q9R9G4
A0A482JNV4	A0A858I6B3
A0A482JNV4	A0A8E7FNM7
A0A482JNV4	Q5QBW9
A0A482JNV4	A0A6B9X7K4
A0A482JNV4	A0A6C6XZ44
A0A482JNV4	A0A0K1LKM2
A0A482JNV4	A0A411BEC1
A0A482JNV4	A0A482JNV4
A0A482JNV4	E5FIM7
A0A482JNV4	A0A8X8MAG4
A0A482JNV4	A0A482N1J6
A0A482JNV4	A0A173GAB8
A0A482JNV4	A0A2K9VFI1
A0A482JNV4	A0A449C513
A0A482JNV4	A0A482MYX5
A0A482JNV4	A0A9E7IQL0
A0A482JNV4	A0A1L7DRB6
A0A482JNV4	A0A7D5FQC6
A0A482JNV4	A0A097J6P2
A0A482JNV4	A0A9E7MZN6
A0A482JNV4	C3V1N6
A0A482JNV4	A0A4P8MVK0
A0A482JNV4	A0A2K9VN13
A0A482JNV4	A0A7I8V1K4
A0A482JNV4	A0A9E7C6K0
A0A482JNV4	A0A2K9VGH3
A0A482JNV4	A0A2U8QQB8
A0A482JNV4	A0A653G191
A0A482JNV4	A0A384TCU4
A0A482JNV4	A0A9E7NMS9
A0A482JNV4	A0A482N343
A0A482JNV4	A0A8X8M9V9
A0A482JNV4	A0A482GHM2
A0A482JNV4	A0A5B9MWN2
A0A482JNV4	D4Z9X6
A0A482JNV4	A0A6G8R864
A0A482JNV4	A0A7S9XEW0
A0A482JNV4	A0A7I8LPR2
A0A482JNV4	A0A7L8ZH48
A0A482JNV4	A0A449C612
A0A482JNV4	A0A1J0GTD7
A0A482JNV4	A0A8E7C0F2
A0A482JNV4	A0A9E7LU10
A0A482JNV4	A0A8X8RJR1
A0A482JNV4	A0A976SR71
A0A482JNV4	A0A482GLL6
A0A482JNV4	A0A8X8RNH9
A0A482JNV4	A0A4Y6ED85
A0A482JNV4	A0A3B8E144
A0A482JNV4	A0A5B9MX09
A0A482JNV4	A0A3G3MB24
A0A482JNV4	A0A0M7QBN3
A0A482JNV4	A0A291LDB1
A0A482JNV4	A0A2Z5H4D1
A0A482JNV4	G1FH99
A0A482JNV4	A0A193GZQ3
A0A482JNV4	A0A7T7GUI3
A0A482JNV4	A0A8S4SMF2
A0A482JNV4	A0A097J5V3
A0A482JNV4	A0A023ZUF6
A0A482JNV4	A0A6B9WH69
A0A482JNV4	A0A1W5LJ72
A0A482JNV4	A0A7D5JDQ1
A0A482JNV4	A0A6M3G8R9
A0A482JNV4	A0A482MXA2
A0A482JNV4	A0A6G8R9J2
A0A482JNV4	C3V2G3
A0A482JNV4	A0A2S1GQ37
A0A482JNV4	A0A6B9WG19
A0A482JNV4	A0A6B9LQV4
A0A482JNV4	I7K3T6
A0A482JNV4	A0A9E8GC79
A0A482JNV4	A0A7S6HSK4
A0A482JNV4	A0A6B9WH84
A0A482JNV4	A0A482GD62
A0A482JNV4	P32277
A0A482JNV4	A0A653G0G4
A0A482JNV4	A0A8X8RKY1
A0A482JNV4	A0A449C3W3
A0A482JNV4	A0A482GLD7
A0A482JNV4	A0A8X8RNP6
A0A482JNV4	A0A8X8M7J7
A0A482JNV4	A0A3G9GV30
A0A482JNV4	A0A455U0K4
A0A482JNV4	A0A7M1IDR6
A0A482JNV4	A0A097BX35
A0A482JNV4	A0A8T8IWA4
A0A482JNV4	A0A5B9MYE6
A0A482JNV4	A0A8X8MDA5
A0A482JNV4	A0A811AQN9
A0A482JNV4	A0A2Z5WKR4
A0A482JNV4	A0A3G3BZS3
A0A482JNV4	A0A0K1LKM2
A0A482JNV4	A0A6B9X7K4
A0A482JNV4	A0A6C6XZ44
A0A482JNV4	A0A411BEC1
A0A482JNV4	A0A482JNV4
A0A482JNV4	E5FIM7
A0A482JNV4	G3MV27
A0A482JNV4	A0A7D5FKD4
A0A482JNV4	A0A172Q1X6
A0A482JNV4	A0A2S1GRM2
A0A482JNV4	A0A9E6Z7L2
A0A482JNV4	A0A482N1J6
A0A482JNV4	A0A384TCU4
A0A482JNV4	A0A2K9VFI1
A0A482JNV4	A0A6H1Z6L5
A0A482JNV4	A0A8X8MAG4
A0A482JNV4	A0A173GAB8
A0A482JNV4	A0A449C513
A0A482JNV4	A0A482MYX5
A0A482JNV4	A0A7D5FQC6
A0A482JNV4	A0A3G3MB24
A0A482JNV4	A0A976SR71
A0A482JNV4	A0A2K9VN13
A0A482JNV4	A0A7I8V1K4
A0A482JNV4	C4MZR8
A0A482JNV4	A0A410T524
A0A482JNV4	A0A9E7IQL0
A0A482JNV4	A0A2K9VGH3
A0A482JNV4	A0A2U8QQB8
A0A482JNV4	A0A9E7MZN6
A0A482JNV4	C3V1N6
A0A482JNV4	A0A653G191
A0A482JNV4	A0A482N343
A0A482JNV4	D7RMI3
A0A482JNV4	A0A7S9XCY9
A0A482JNV4	A0A1L7DRB6
A0A482JNV4	A0A4P8MVK0
A0A482JNV4	A0A9E7C6K0
A0A482JNV4	A0A6B9WH69
A0A482JNV4	A0A449C612
A0A482JNV4	A0A9E7NMS9
A0A482JNV4	A0A8X8M9V9
A0A482JNV4	A0A5B9MWN2
A0A482JNV4	A0A2S1GNZ5
A0A482JNV4	A0A3Q9R9G4
A0A482JNV4	A0A6G8R9J2
A0A482JNV4	A0A7S9XEW0
A0A482JNV4	A0A7I8LPR2
A0A482JNV4	A0A7S6HSK4
A0A482JNV4	A0A8X8RKY1
A0A482JNV4	A0A7L8ZH48
A0A482JNV4	C3V2G3
A0A482JNV4	A0A1J0GTD7
A0A482JNV4	A0A0M7QBN3
A0A482JNV4	A0A7D5JDQ1
A0A482JNV4	A0A8X8RJR1
A0A482JNV4	D4Z9X6
A0A482JNV4	A0A9E7LU10
A0A482JNV4	A0A482GLL6
A0A482JNV4	A0A8X8RNH9
A0A482JNV4	A0A9E8GC79
A0A482JNV4	A0A4Y6ED85
A0A482JNV4	A0A3B8E144
A0A482JNV4	A0A6G8R864
A0A482JNV4	A0A5B9MX09
A0A482JNV4	A0A8E7C0F2
A0A482JNV4	A0A6B9WG19
A0A482JNV4	A0A097J6P2
A0A482JNV4	A0A482GHM2
A0A482JNV4	A0A291LDB1
A0A482JNV4	A0A2Z5H4D1
A0A482JNV4	G1FH99
A0A482JNV4	A0A097J5V3
A0A482JNV4	A0A023ZUF6
A0A482JNV4	A0A193GZQ3
A0A482JNV4	A0A6B9LQV4
A0A482JNV4	I7K3T6
A0A482JNV4	A0A1W5LJ72
A0A482JNV4	A0A449C3W3
A0A482JNV4	A0A6B9WH84
A0A482JNV4	A0A482GD62
A0A482JNV4	A0A7T7GUI3
A0A482JNV4	P32277
A0A482JNV4	A0A858I6B3
A0A482JNV4	A0A8S4SMF2
A0A482JNV4	A0A2S1GQ37
A0A482JNV4	A0A6M3G8R9
A0A482JNV4	A0A482MXA2
A0A482JNV4	A0A8X8M7J7
A0A482JNV4	A0A3G9GV30
A0A482JNV4	A0A455U0K4
A0A482JNV4	A0A8E7FNM7
A0A482JNV4	A0A097BX35
A0A482JNV4	A0A482GLD7
A0A482JNV4	Q5QBW9
A0A482JNV4	A0A7M1IDR6
A0A482JNV4	A0A8X8RNP6
A0A482JNV4	A0A811AQN9
A0A482JNV4	A0A8T8IWA4
A0A482JNV4	A0A5B9MYE6
A0A482JNV4	A0A8X8MDA5
A0A482JNV4	A0A653G0G4
A0A482JNV4	A0A0A7HFD8
A0A482JNV4	A0A0A7HDJ4
A0A482JNV4	A0A7U3TBV1
A0A482JNV4	A0A8T8L7R9
A0A482JNV4	A0A7D7JVS8
A0A482JNV4	A0A0A7HCR3
A0A482JNV4	A0A0A7HC84
A0A482JNV4	E3SEZ4
A0A482JNV4	A0A7G5BBY8
A0A482JNV4	A0A858I164
A0A482JNV4	A0A2Z5WKR4
A0A482JNV4	A0A3G3BZS3
A0A482JNV4	E5FIM7
A0A482JNV4	A0A7M1IDR6
A0A482JNV4	A0A8T8IWA4
A0A482JNV4	A0A7D5JDQ1
A0A482JNV4	A0A5B9MYE6
A0A482JNV4	A0A193GZQ3
A0A482JNV4	A0A482GLD7
A0A482JNV4	A0A6M3G8R9
A0A482JNV4	A0A482MXA2
A0A482JNV4	A0A097J6P2
A0A482JNV4	A0A173GAB8
A0A482JNV4	C3V1N6
A0A482JNV4	A0A5B9MX09
A0A482JNV4	A0A7I8LPR2
A0A482JNV4	A0A7L8ZH48
A0A482JNV4	A0A1W5LJ72
A0A482JNV4	A0A8S4SMF2
A0A482JNV4	A0A2K9VN13
A0A482JNV4	A0A7S9XEW0
A0A482JNV4	A0A6B9WH84
A0A482JNV4	A0A8X8MAG4
A0A482JNV4	C3V2G3
A0A482JNV4	A0A6G8R9J2
A0A482JNV4	A0A482MYX5
A0A482JNV4	A0A9E7IQL0
A0A482JNV4	A0A4P8MVK0
A0A482JNV4	A0A4Y6ED85
A0A482JNV4	A0A9E7MZN6
A0A482JNV4	A0A9E7C6K0
A0A482JNV4	A0A2K9VFI1
A0A482JNV4	A0A7D5FQC6
A0A482JNV4	A0A976SR71
A0A482JNV4	I7K3T6
A0A482JNV4	A0A482GHM2
A0A482JNV4	A0A2S1GQ37
A0A482JNV4	A0A6B9LQV4
A0A482JNV4	A0A7I8V1K4
A0A482JNV4	A0A449C612
A0A482JNV4	A0A653G191
A0A482JNV4	A0A449C513
A0A482JNV4	A0A384TCU4
A0A482JNV4	A0A023ZUF6
A0A482JNV4	A0A653G0G4
A0A482JNV4	A0A6B9WG19
A0A482JNV4	A0A7T7GUI3
A0A482JNV4	A0A482N1J6
A0A482JNV4	A0A6B9WH69
A0A482JNV4	A0A3B8E144
A0A482JNV4	A0A6G8R864
A0A482JNV4	A0A0M7QBN3
A0A482JNV4	A0A7S6HSK4
A0A482JNV4	A0A8X8MDA5
A0A482JNV4	A0A1J0GTD7
A0A482JNV4	A0A2Z5H4D1
A0A482JNV4	A0A8X8M7J7
A0A482JNV4	A0A482GD62
A0A482JNV4	P32277
A0A482JNV4	A0A2K9VGH3
A0A482JNV4	A0A2U8QQB8
A0A482JNV4	A0A9E7NMS9
A0A482JNV4	D4Z9X6
A0A482JNV4	A0A1L7DRB6
A0A482JNV4	A0A3G3MB24
A0A482JNV4	A0A291LDB1
A0A482JNV4	A0A5B9MWN2
A0A482JNV4	A0A8E7C0F2
A0A482JNV4	G1FH99
A0A482JNV4	A0A3G9GV30
A0A482JNV4	A0A482GLL6
A0A482JNV4	A0A8X8RKY1
A0A482JNV4	A0A8X8RNP6
A0A482JNV4	A0A449C3W3
A0A482JNV4	A0A482N343
A0A482JNV4	A0A9E7LU10
A0A482JNV4	A0A8X8RNH9
A0A482JNV4	A0A9E8GC79
A0A482JNV4	A0A811AQN9
A0A482JNV4	A0A8X8RJR1
A0A482JNV4	A0A097BX35
A0A482JNV4	A0A097J5V3
A0A482JNV4	A0A8X8M9V9
A0A482JNV4	A0A455U0K4
A0A482JNV4	A0A6B9X7K4
A0A482JNV4	A0A6C6XZ44
A0A482JNV4	A0A411BEC1
A0A482JNV4	A0A0K1LKM2
A0A482JNV4	A0A482JNV4
A0A482JNV4	A0A0A7HFD8
A0A482JNV4	A0A0A7HCR3
A0A482JNV4	C4MZR8
A0A482JNV4	A0A858I6B3
A0A482JNV4	A0A7G5BBY8
A0A482JNV4	A0A8E7FNM7
A0A482JNV4	A0A2S1GRM2
A0A482JNV4	A0A3Q9R9G4
A0A482JNV4	A0A858I164
A0A482JNV4	A0A9E6Z7L2
A0A482JNV4	A0A172Q1X6
A0A482JNV4	A0A0A7HC84
A0A482JNV4	A0A2S1GNZ5
A0A482JNV4	A0A7D5FKD4
A0A482JNV4	G3MV27
A0A482JNV4	D7RMI3
A0A482JNV4	A0A7S9XCY9
A0A482JNV4	A0A2Z5WKR4
A0A482JNV4	Q5QBW9
A0A482JNV4	A0A6H1Z6L5
A0A482JNV4	A0A8T8L7R9
A0A482JNV4	A0A0A7HDJ4
A0A482JNV4	E3SEZ4
A0A482JNV4	A0A410T524
A0A482JNV4	A0A7D7JVS8
A0A482JNV4	A0A7U3TBV1
A0A482JNV4	A0A3G3BZS3
A0A482JNV4	A0A7M1IDR6
A0A482JNV4	A0A2K9VN13
A0A482JNV4	A0A7D5JDQ1
A0A482JNV4	A0A7D5FQC6
A0A482JNV4	A0A7I8V1K4
A0A482JNV4	A0A2U8QQB8
A0A482JNV4	A0A5B9MYE6
A0A482JNV4	A0A2K9VFI1
A0A482JNV4	A0A193GZQ3
A0A482JNV4	A0A1L7DRB6
A0A482JNV4	A0A482GLD7
A0A482JNV4	A0A449C513
A0A482JNV4	A0A6M3G8R9
A0A482JNV4	A0A482MXA2
A0A482JNV4	A0A5B9MX09
A0A482JNV4	A0A482N1J6
A0A482JNV4	A0A173GAB8
A0A482JNV4	A0A8S4SMF2
A0A482JNV4	A0A7I8LPR2
A0A482JNV4	A0A7L8ZH48
A0A482JNV4	A0A1W5LJ72
A0A482JNV4	A0A7S9XEW0
A0A482JNV4	A0A2K9VGH3
A0A482JNV4	A0A8T8IWA4
A0A482JNV4	A0A6B9WG19
A0A482JNV4	A0A097J6P2
A0A482JNV4	A0A482MYX5
A0A482JNV4	A0A9E7IQL0
A0A482JNV4	A0A9E8GC79
A0A482JNV4	C3V2G3
A0A482JNV4	A0A6B9LQV4
A0A482JNV4	A0A4Y6ED85
A0A482JNV4	A0A9E7MZN6
A0A482JNV4	C3V1N6
A0A482JNV4	A0A9E7C6K0
A0A482JNV4	A0A8X8MAG4
A0A482JNV4	A0A482GHM2
A0A482JNV4	A0A4P8MVK0
A0A482JNV4	A0A976SR71
A0A482JNV4	A0A2S1GQ37
A0A482JNV4	A0A7S6HSK4
A0A482JNV4	A0A3B8E144
A0A482JNV4	A0A653G191
A0A482JNV4	A0A1J0GTD7
A0A482JNV4	A0A023ZUF6
A0A482JNV4	A0A0M7QBN3
A0A482JNV4	A0A8X8MDA5
A0A482JNV4	A0A2Z5H4D1
A0A482JNV4	A0A6G8R9J2
A0A482JNV4	A0A8X8RNP6
A0A482JNV4	A0A6B9WH69
A0A482JNV4	A0A3G3MB24
A0A482JNV4	A0A384TCU4
A0A482JNV4	A0A653G0G4
A0A482JNV4	A0A6B9WH84
A0A482JNV4	A0A482GD62
A0A482JNV4	A0A449C3W3
A0A482JNV4	A0A7T7GUI3
A0A482JNV4	P32277
A0A482JNV4	A0A449C612
A0A482JNV4	A0A9E7NMS9
A0A482JNV4	A0A482N343
A0A482JNV4	A0A8X8M9V9
A0A482JNV4	I7K3T6
A0A482JNV4	A0A5B9MWN2
A0A482JNV4	G1FH99
A0A482JNV4	A0A291LDB1
A0A482JNV4	A0A482GLL6
A0A482JNV4	A0A8E7C0F2
A0A482JNV4	A0A8X8RKY1
A0A482JNV4	A0A3G9GV30
A0A482JNV4	D4Z9X6
A0A482JNV4	A0A9E7LU10
A0A482JNV4	A0A8X8M7J7
A0A482JNV4	A0A8X8RNH9
A0A482JNV4	A0A6G8R864
A0A482JNV4	A0A811AQN9
A0A482JNV4	A0A8X8RJR1
A0A482JNV4	A0A097BX35
A0A482JNV4	A0A097J5V3
A0A482JNV4	A0A455U0K4
A0A482JNV4	A0A6B9X7K4
A0A482JNV4	A0A0K1LKM2
A0A482JNV4	E5FIM7
A0A482JNV4	A0A6C6XZ44
A0A482JNV4	A0A411BEC1
A0A482JNV4	A0A482JNV4
A0A482JNV4	A0A2S1GRM2
A0A482JNV4	D7RMI3
A0A482JNV4	A0A858I6B3
A0A482JNV4	G3MV27
A0A482JNV4	A0A410T524
A0A482JNV4	A0A172Q1X6
A0A482JNV4	A0A7D5FKD4
A0A482JNV4	C4MZR8
A0A482JNV4	A0A2S1GNZ5
A0A482JNV4	A0A0A7HCR3
A0A482JNV4	A0A9E6Z7L2
A0A482JNV4	A0A0A7HFD8
A0A482JNV4	A0A8E7FNM7
A0A482JNV4	Q5QBW9
A0A482JNV4	A0A6H1Z6L5
A0A482JNV4	A0A7S9XCY9
A0A482JNV4	A0A0A7HC84
A0A482JNV4	A0A3Q9R9G4
A0A482JNV4	A0A7G5BBY8
A0A482JNV4	A0A7D7JVS8
A0A482JNV4	E3SEZ4
A0A482JNV4	A0A8T8L7R9
A0A482JNV4	A0A0A7HDJ4
A0A482JNV4	A0A7U3TBV1
A0A482JNV4	A0A2Z5WKR4
A0A482JNV4	A0A858I164
A0A482JNV4	A0A3G3BZS3
